"","lumMean","lumSD","area","maxPower","maxFreq","propPower","sumPower","meanPower","powerSD","uvMean","uvSD","swMean","swSD","mwMean","mwSD","lwMean","lwSD","dblMean","dblSD"
"MVZ116808","8155.865","3091.24","294664","410.827","24.675","0.027","15319.302","312.639","59.869","3205.134","1082.489","5392.927","2094.417","8260.495","3129.827","9785.888","3643.359","8155.865","3091.24"
"MVZ116809","8724.101","3541.801","261090","456.012","26.909","0.027","17001.501","346.969","64.878","3571.936","1206.966","5549.307","2213.165","8813.757","3550.341","10626.839","4305.98","8724.101","3541.801"
"MVZ120329","7635.986","3360.424","424885","454.513","26.909","0.028","16311.055","332.879","72.666","3431.089","1419.394","4926.415","2151.801","7722.079","3356.392","9307.518","4130.734","7635.986","3360.424"
"MVZ120330","10273.379","3906.066","408225","498.124","24.675","0.027","18580.079","379.185","65.974","4575.817","1584.203","7435.927","2839.161","10390.535","3961.525","11846.513","4482.885","10273.379","3906.066"
"MVZ19481","9839.106","3496.06","441849","410.378","26.909","0.024","16775.136","342.35","41.593","4211.71","1394.91","6664.812","2473.831","9872.819","3540.472","11812.873","4076.208","9839.106","3496.06"
"MVZ19482","9040.984","4156.56","510552","536.312","34.896","0.027","19991.897","407.998","76.19","4233.36","1861.534","6671.919","3084.795","9215.009","4217.717","10259.336","4686.305","9040.984","4156.56"
"MVZ19483","11113.859","3931.765","489210","463.367","26.909","0.026","17953.325","366.394","53.083","5008.807","1751.126","7764.642","2894.201","11153.319","3943.857","13141.072","4512.048","11113.859","3931.765"
"MVZ19484","8994.633","3538.124","506734","404.878","32","0.025","16188.615","330.38","41.852","4243.919","1841.644","6218.367","2566.592","9089.961","3585.468","10640.212","4065.317","8994.633","3538.124"
"MVZ19486","11759.53","4323.606","475121","531.868","32","0.026","20200.632","412.258","88.508","4695.181","1749.555","7772.591","2993.412","11767.27","4354.967","14207.573","5060.408","11759.53","4323.606"
"MVZ19487","10271.429","4108.842","534422","573.207","32","0.028","20305.08","414.389","90.942","4449.929","1577.394","7138.408","2891.143","10439.366","4204.903","11925.082","4626.072","10271.429","4108.842"
"MVZ19488","10789.722","3801.303","418834","474.257","26.909","0.027","17418.651","355.483","74.776","4125.97","1599.203","6759.712","2657.318","10703.77","3863.247","13495.48","4463.814","10789.722","3801.303"
"MVZ19496","9942.77","4616.406","432699","663.897","29.344","0.03","21922.524","447.398","130.427","3845.489","1656.911","6794.212","3165.51","10129.078","4667.492","11566.405","5326.236","9942.77","4616.406"
"MVZ29155","11620.226","3790.054","429930","546.652","29.344","0.029","19131.038","390.429","93.701","5224.6","3630.386","7890.429","2691.186","11735.948","3862.406","13717.021","4313.603","11620.226","3790.054"
"MVZ3471","10352.209","4854.6","306042","603.462","29.344","0.027","22012.509","449.235","89.194","4512.169","2289.695","7121.316","3560.717","10435.8","4888.134","12237.504","5562.514","10352.209","4854.6"
"MVZ3472","7398.458","3521.57","358286","464.015","26.909","0.028","16700.241","340.821","73.46","3005.537","1672.451","4735.704","2529.015","7481.52","3491.235","9044.611","4259.173","7398.458","3521.57"
"MVZ3473","9502.52","3995.761","407445","508.471","22.627","0.027","19060.427","388.988","74.066","3559.073","1449.049","5835.48","2471.309","9475.46","3946.739","11912.509","5014.201","9502.52","3995.761"
"MVZ3479","8470.881","3543.144","512896","434.516","26.909","0.027","16188.049","330.368","75.173","3451.448","1647.41","5633.576","2534.252","8524.22","3496.763","10242.462","4302.394","8470.881","3543.144"
"MVZ3667","6840.75","2578.975","314344","329.966","26.909","0.026","12516.018","255.429","53.84","2741.059","1352.647","4172.139","1841.416","6821.842","2557.981","8722.744","3159.939","6840.75","2578.975"
"MVZ64599","8088.495","2838.903","300360","401.379","24.675","0.028","14290.699","291.647","66.044","2765.069","802.111","5242.698","1779.817","8285.864","2914.126","9570.378","3368.574","8088.495","2838.903"
"MVZ90619","9118.036","3219.774","407255","395.384","32","0.025","15629.546","318.97","44.725","3770.835","1236.798","5729.17","2175.218","9138.177","3284.451","11282.961","3756.696","9118.036","3219.774"
"MVZ10234","9406.552","2033.883","302353","259.434","20.749","0.027","9573.158","195.371","37.698","3432.287","795.809","5511.222","1345.21","9145.331","2107.324","12443.846","2398.802","9406.552","2033.883"
"MVZ10235","8961.82","3359.352","310294","519.141","26.909","0.031","16517.964","337.101","118.411","3422.592","1135.869","5511.17","2023.403","8927.15","3356.185","11276.627","4170.864","8961.82","3359.352"
"MVZ24483","9643.183","2178.511","269659","295.661","24.675","0.027","11092.764","226.383","39.165","3835.941","741.198","6058.244","1385.762","9576.18","2259.769","12084.948","2648.627","9643.183","2178.511"
"MVZ5433","9986.956","2271.057","318140","274.568","20.749","0.025","11205.875","228.691","37.73","3351.591","660.874","5669.345","1382.076","9815.719","2380.472","13074.74","2748.047","9986.956","2271.057"
"MVZ5434","10088.804","3474.026","298436","448.359","26.909","0.027","16869.01","344.266","55.451","4342.092","1472.361","6855.504","2404.912","10098.236","3535.88","12140.82","4082.895","10088.804","3474.026"
"MVZ5435","10435.272","3434.984","319038","490.931","26.909","0.028","17322.911","353.529","81.243","3786.043","1088.135","6298.242","2120.017","10411.896","3484.447","13091.953","4161.304","10435.272","3434.984"
"MVZ5436","9988.775","3388.885","304587","520.515","29.344","0.031","17000.518","346.949","94.576","3537.128","1047.217","6358.092","2148.695","10086.596","3468.414","12091.07","4029.493","9988.775","3388.885"
"MVZ78852","10298.464","3082.47","267908","409.869","32","0.027","15063.722","307.423","72.04","4012.445","1324.218","6420.528","2247.43","10230.878","3140.498","12895.882","3530.17","10298.464","3082.47"
"MVZ82391","10449.278","3748.016","390053","555.397","24.675","0.029","19033.819","388.445","104.633","4030.003","1166.011","6607.835","2269.564","10437.835","3756.999","12899.506","4647.716","10449.278","3748.016"
"MVZ63384","5638.475","2694.753","571317","423.695","32","0.031","13712.116","279.839","96.47","2043.644","917.481","3548.249","1566.198","5794.669","2700.976","6839.618","3348.539","5638.475","2694.753"
"MVZ63386","7352.806","3463.18","523216","508.202","34.896","0.03","16912.897","345.161","96.272","2588.998","1088.149","4660.438","2204.81","7489.075","3519.161","8898.064","4096.25","7352.806","3463.18"
"MVZ102726","10763.427","4487.676","346039","595.181","29.344","0.029","20515.746","418.689","108.99","4464.153","1745.895","7540.45","3256.122","10903.92","4550.275","12499.579","5047.249","10763.427","4487.676"
"MVZ102727","12654.56","3925.476","335437","448.751","29.344","0.025","17882.618","364.951","58.123","5255.351","1656.925","8487.392","2936.862","12667.527","4014.11","15173.9","4382.014","12654.56","3925.476"
"MVZ140817","12070.473","4095.782","425318","550.941","26.909","0.027","20057.876","409.344","88.701","4207.638","1401.034","7600.778","2672.066","12195.339","4169.319","14551.796","4817.323","12070.473","4095.782"
"MVZ162726","10136.011","3441.001","340756","469.803","22.627","0.027","17441.986","355.959","71.296","4212.486","1335.346","6926.171","2380.886","10191.251","3489.335","12071.092","4039.104","10136.011","3441.001"
"MVZ162727","14414.111","3534.654","370086","445.546","22.627","0.026","17449.13","356.105","58.3","5895.433","1551.08","9172.109","2516.257","14227.345","3591.574","17946.746","4122.478","14414.111","3534.654"
"MVZ162729","12533.017","5517.169","338163","686.508","24.675","0.026","26265.421","536.029","126.858","5481.709","2417.488","8860.594","4002.46","12653.464","5567.981","14527.983","6268.927","12533.017","5517.169"
"MVZ162730","11011.128","4514.157","369764","616.659","29.344","0.028","22199.438","453.05","111.715","4155.565","1526.244","7210.263","2913.755","11102.361","4573.091","13194.115","5324.626","11011.128","4514.157"
"MVZ19502","10192.658","3907.83","494500","543.535","24.675","0.028","19485.079","397.655","101.28","4075.331","1609.952","6952.891","2766.8","10326.447","3917.384","11976.504","4560.354","10192.658","3907.83"
"MVZ22501","11974.484","3775.07","307370","448.786","22.627","0.025","17744.414","362.131","60.217","5260","1751.074","7828.653","2785.478","11959.748","3881.594","14577.045","4165.477","11974.484","3775.07"
"MVZ22502","12258.643","4904.38","393494","622.909","26.909","0.028","22398.679","457.116","102.853","4604.497","1659.741","8029.173","3206.97","12368.006","4965.748","14618.963","5767.171","12258.643","4904.38"
"MVZ24550","10796.415","3518.136","400747","498.193","29.344","0.03","16854.972","343.979","91.196","5117.774","1883.777","7570.238","2748.698","10876.082","3534.218","12686.033","3953.086","10796.415","3518.136"
"MVZ29153","10002.737","2839.981","411549","304.86","24.675","0.024","12479.241","254.678","29.08","4203.079","1254.818","6811.234","2163.679","10047.568","2961.929","11954.567","3043.311","10002.737","2839.981"
"MVZ29166","9216.437","3248.413","471955","373.485","32","0.027","13801.061","281.654","54.252","3775.559","1423.729","6234.654","2378.075","9276.31","3316.64","11034.179","3651.106","9216.437","3248.413"
"MVZ29169","10466.374","4376.334","453930","688.693","29.344","0.032","21689.811","442.649","155.596","4131.153","1653.918","7015.791","2899.14","10611.77","4413.644","12345.981","5130.018","10466.374","4376.334"
"MVZ29170","9514.976","3714.826","407989","506.624","29.344","0.028","18420.163","375.922","84.019","3917.992","1567.368","6440.204","2597.269","9642.011","3769.27","11241.58","4278.257","9514.976","3714.826"
"MVZ29172","10288.723","3072.881","377757","369.62","29.344","0.026","14065.405","287.049","48.239","3918.77","1268.98","6728.981","2106.162","10339.062","3120.182","12438.423","3591.099","10288.723","3072.881"
"MVZ29173","9615.239","3117.095","503759","394.297","26.909","0.027","14430.249","294.495","58.375","3672.117","1272.944","6466.025","2225.94","9734.429","3195.45","11392.128","3528.895","9615.239","3117.095"
"MVZ29177","12194.778","4821.685","454402","641.129","32","0.028","22774.761","464.791","121.856","4845.938","2056.665","8347.054","3461.913","12333.383","4880.858","14263.019","5516.339","12194.778","4821.685"
"MVZ82393","12111.308","5078.098","425368","666.977","29.344","0.029","23221.803","473.914","120.395","4647.632","1819.452","8108.286","3483.777","12254.17","5161.06","14266.288","5805.163","12111.308","5078.098"
"MVZ82394","11320.543","4136.597","464355","498.496","26.909","0.026","19176.443","391.356","64.331","4581.615","1672.531","7555.626","2980.777","11336.087","4225.884","13632.053","4704.635","11320.543","4136.597"
"MVZ139540","7322.762","3240.412","424073","510.544","29.344","0.031","16597.539","338.725","102.158","2808.399","1067.272","4626.772","1987.852","7416.67","3256.244","8966.843","3944.612","7322.762","3240.412"
"MVZ139544","10861.955","2626.569","377695","348.711","24.675","0.026","13618.505","277.929","41.439","3753.803","1141.856","6385.874","1742.422","10679.851","2650.431","14035.784","3203.443","10861.955","2626.569"
"MVZ139545","10439.298","2886.759","316311","372.462","32","0.026","14371.621","293.298","54.371","3890.851","1247.126","6521.63","1912.505","10349.101","2882.092","13096.888","3514.139","10439.298","2886.759"
"MVZ139546","8125.951","3016.468","356181","443.549","32","0.028","15563.85","317.63","85.441","2833.641","1107.288","4773.443","1771.943","8140.698","3029.161","10306.186","3758.193","8125.951","3016.468"
"MVZ143776","11213.853","2984.196","294017","385.653","38.055","0.026","14806.004","302.163","50.304","5759.767","1463.027","8135.647","2175.925","11189.213","3032.902","13220.819","3417.707","11213.853","2984.196"
"MVZ152933","10056.707","2404.764","278168","325.698","26.909","0.027","12281.138","250.635","46.175","4203.751","952.514","6367.888","1610.065","9907.396","2448.871","12722.227","2894.321","10056.707","2404.764"
"MVZ152934","10607.669","4248.785","305958","633.499","32","0.03","21397.149","436.677","135.305","4349.402","1549.129","6946.529","2729.151","10608.431","4272.607","12918.525","5060.273","10607.669","4248.785"
"MVZ102593","7546.051","3256.486","591609","449.598","32","0.028","15990.953","326.346","81.65","3437.933","1311.007","5501.753","2343.541","7715.713","3266.117","8627.852","3766.739","7546.051","3256.486"
"MVZ102594","7497.723","3270.214","424971","463.449","26.909","0.028","16611.565","339.012","81.491","3292.87","1182.366","5274.007","2240.549","7675.565","3317.695","8674.442","3785.872","7497.723","3270.214"
"MVZ102596","7740.992","3287.524","498808","499.32","32","0.03","16924.459","345.397","89.061","3303.483","1131.959","5490.257","2224.21","7916.336","3305.453","8925.363","3902.667","7740.992","3287.524"
"MVZ102600","7115.881","3265.641","512376","493.394","29.344","0.031","16031.798","327.18","93.093","2625.151","1168.177","4763.445","2186.485","7324.608","3294.041","8310.874","3861.948","7115.881","3265.641"
"MVZ102601","7757.799","3233.5","451416","464.138","24.675","0.028","16470.592","336.135","80.709","3026.397","1152.602","5348.223","2148.5","7931.773","3242.918","9036.282","3877.431","7757.799","3233.5"
"MVZ102604","6708.66","2506.635","572678","314.881","26.909","0.028","11400.586","232.665","46.618","3188.14","1088.275","4853.507","1864.926","6907.059","2565.47","7650.848","2817.236","6708.66","2506.635"
"MVZ102608","8552.006","2845.479","465970","382.244","26.909","0.029","13224.7","269.892","66.466","3804.925","1201.174","6300.065","2141.641","8753.707","2859.948","9654.72","3241.33","8552.006","2845.479"
"MVZ102610","6407.23","2758.455","398679","410.901","29.344","0.03","13683.32","279.251","78.88","2475.463","846.99","4343.291","1789.001","6627.727","2780.82","7430.304","3310.109","6407.23","2758.455"
"MVZ102612","5670.636","2504.388","442379","309.075","32","0.028","11042.556","225.358","51.458","2169.138","957.413","3638.11","1620.782","5838.375","2502.634","6813.005","3053.74","5670.636","2504.388"
"MVZ102614","5536.113","2655.12","519834","369.937","26.909","0.029","12968.613","264.666","66.427","2251.921","908.623","3713.646","1698.884","5739.707","2679.126","6481.325","3180.455","5536.113","2655.12"
"MVZ102623","8171.389","2973.395","540442","412.623","26.909","0.028","14731.83","300.65","67.454","3870.977","1250.002","5936.286","2146.843","8294.348","2964.318","9450.15","3484.532","8171.389","2973.395"
"MVZ158333","8643.169","3362.17","416165","477.397","32","0.028","17139.577","349.787","74.323","3804.24","1362.273","6135.161","2457.32","8803.206","3408.72","9988.5","3838.121","8643.169","3362.17"
"MVZ42658","6859.832","2898.916","575181","406.605","26.909","0.029","14146.043","288.695","66.059","2736.388","1012.578","4651.289","1951.037","7050.035","2897.683","8019.706","3476.01","6859.832","2898.916"
"MVZ42659","9579.101","4367.246","529484","597.343","29.344","0.029","20799.117","424.472","98.486","4071.086","1677.462","6875.278","3069.41","9781.951","4411.995","10914.934","5016.402","9579.101","4367.246"
"MVZ82368","7601.561","3223.221","484329","425.127","32","0.029","14855.189","303.167","72.536","2975.347","1146.782","5415.008","2316.798","7832.059","3279.583","8629.327","3638.51","7601.561","3223.221"
"MVZ102618","6878.162","2917.555","478979","385.094","29.344","0.027","14441.802","294.731","53.716","2990.145","994.755","4557.954","1813.42","7036.997","2946.575","8181.037","3558.445","6878.162","2917.555"
"MVZ158332","6938.539","2620.816","377018","361.638","24.675","0.029","12642.377","258.008","68.694","2969.375","994.943","4799.063","1788.563","7076.201","2639.649","8164.745","3085.612","6938.539","2620.816"
"MVZ158334","6278.474","3479.605","486736","540.634","29.344","0.03","17826.855","363.813","111.053","3146.33","1382.977","4766.466","2535.119","6516.585","3539.668","6942.836","3902.558","6278.474","3479.605"
"MVZ158335","8237.629","3483.697","536345","516.366","32","0.029","17557.137","358.309","90.377","3783.665","1341.505","5983.137","2516.385","8399.62","3523.39","9440.517","3991.54","8237.629","3483.697"
"MVZ158337","7610.447","3494.932","545733","480.526","29.344","0.028","17009.369","347.13","81.222","3300.597","1282.493","5477.556","2459.005","7803.455","3531.861","8691.298","4040.068","7610.447","3494.932"
"MVZ59518","12553.965","3652.388","396826","485.712","26.909","0.027","18323.828","373.956","67.099","5639.538","1540.145","8739.045","2535.953","12557.467","3715.859","14888.224","4222.4","12553.965","3652.388"
"MVZ59534","8476.229","3523.559","365586","516.544","26.909","0.029","17748.567","362.216","102.067","3936.289","1269.171","6054.291","2269.668","8563.525","3545.555","9930.151","4213.031","8476.229","3523.559"
"MVZ59535","9753.204","3082.392","408630","439.137","29.344","0.028","15956.89","325.651","68.887","4520.476","1307.425","6615.643","2118.216","9683.523","3089.44","11932.749","3745.852","9753.204","3082.392"
"MVZ59538","9735.656","3031.709","387950","432.932","29.344","0.027","15849.091","323.451","67.401","4508.657","1295.614","6610.954","2101.125","9668.39","3048.6","11902.607","3663.601","9735.656","3031.709"
"MVZ59539","10432.506","4174.893","365355","580.022","26.909","0.027","21271.72","434.117","105.587","5098.251","1664.511","7523.824","2933.767","10503.111","4239.217","12157.337","4756.936","10432.506","4174.893"
"MVZ59541","10923.831","3488.058","341972","483.107","26.909","0.026","18403.86","375.589","70.595","5165.858","1395.64","7878.689","2483.531","10926.534","3535.264","12849.468","4065.037","10923.831","3488.058"
"MVZ59542","13202.495","3566.139","425132","469.126","29.344","0.026","18286.18","373.187","63.621","6219.576","1641.757","9276.673","2440.189","13157.079","3593.112","15692.457","4320.291","13202.495","3566.139"
"MVZ59543","8913.151","3547.551","354732","510.093","24.675","0.028","18275.841","372.976","91.332","4486.781","1422.404","6581.472","2482.309","9011.793","3597.871","10280.941","4086.303","8913.151","3547.551"
"MVZ59545","10183.298","3811.201","387212","516.232","26.909","0.027","19165.566","391.134","82.598","4446.45","1378.842","7237.977","2653.798","10263.909","3868.211","11902.498","4391.559","10183.298","3811.201"
"MVZ59552","13802.724","3998.244","338643","531.068","24.675","0.026","20104.3","410.292","78.015","6408.252","1966.751","9852.009","2919.061","13785.149","4056.033","16220.949","4629.239","13802.724","3998.244"
"MVZ59558","10517.569","3383.142","321338","445.392","32","0.026","17151.4","350.029","64.349","5191.205","1557.114","7519.644","2435.791","10514.07","3455.113","12451.146","3926.496","10517.569","3383.142"
"MVZ59559","9833.344","3338.394","405126","430.337","24.675","0.026","16786.295","342.577","54.965","4970.345","1523.666","7035.255","2365.759","9857.946","3390.48","11615.54","3924.196","9833.344","3338.394"
"MVZ59560","10365.976","4140.099","334506","619.546","32","0.029","21437.484","437.5","117.986","4820.509","1607.298","7479.21","2882.404","10451.502","4202.998","12040.33","4734.263","10365.976","4140.099"
"MVZ59563","16087.233","5008.472","311165","675.872","26.909","0.028","24295.517","495.827","131.019","6699.473","1987.638","10938.101","3528.075","16079.503","5091.238","19117.06","5699.703","16087.233","5008.472"
"MVZ73374","6761.422","2143.748","446463","314.983","22.627","0.029","10855.288","221.536","58.654","2644.939","904.346","4493.441","1535.987","6860.115","2199.696","8149.348","2436.617","6761.422","2143.748"
"MVZ82371","6780.898","2171.669","456861","316.538","22.627","0.029","11025.539","225.011","58.323","2660.714","924.558","4511.624","1563.107","6888.081","2226.83","8151.764","2465.335","6780.898","2171.669"
"MVZ120124","6086.912","3130.843","355401","431.538","29.344","0.028","15435.158","315.003","72.58","2422.378","1023.499","3954.432","1935.127","6219.206","3132.211","7349.621","3845.554","6086.912","3130.843"
"MVZ120125","6414.115","2872.044","376085","313.928","26.909","0.026","11944.439","243.764","50.001","2645.504","1116.281","4235.712","1958.285","6530.542","2853.969","7727.737","3459.728","6414.115","2872.044"
"MVZ120127","5694.514","2290.509","415237","232.9","32","0.024","9515.997","194.204","32.887","2171.851","875.615","3554.398","1503.235","5750.045","2268.408","7132.954","2846.501","5694.514","2290.509"
"MVZ120131","6484.12","2888.01","379322","364.488","32","0.026","14179.419","289.376","49.993","2685.558","1170.62","4220.368","1856.305","6569.394","2881.018","7913.454","3553.574","6484.12","2888.01"
"MVZ120132","5307.558","2450.312","317594","318.975","24.675","0.026","12105.366","247.048","48.136","2344.468","976.953","3600.472","1632.569","5487.146","2458.184","6244.848","2932.043","5307.558","2450.312"
"MVZ120133","5979.048","2697.214","400729","363.66","26.909","0.028","12928.794","263.853","62.37","2761.235","1109.134","4078.719","1805.376","6127.007","2689.471","7079.858","3248.777","5979.048","2697.214"
"MVZ174004","6667.242","2547.19","339518","358.363","34.896","0.027","13053.777","266.404","58.367","2697.754","958.712","4069.671","1579.043","6728.383","2566.603","8349.175","3135.196","6667.242","2547.19"
"MVZ174005","8097.581","3533.326","290945","483.362","26.909","0.027","17794.739","363.158","80.952","3891.584","1413.348","5625.813","2424.19","8196.713","3579.685","9580.161","4133.801","8097.581","3533.326"
"MVZ174006","7696.793","3399.271","313204","390.07","26.909","0.025","15581.534","317.99","52.724","3300.504","1405.99","5191.291","2342.588","7791.058","3421.202","9212.41","4018.757","7696.793","3399.271"
"MVZ176999","7298.649","2921.234","281881","384.78","22.627","0.026","14695.957","299.917","54.805","2891.763","1016.273","4629.797","1794.545","7402.029","2918.628","8910.269","3624.171","7298.649","2921.234"
"MVZ177000","6694.232","2410.182","319957","293.036","26.909","0.025","11583.219","236.392","32.382","2324.645","696.064","3805.011","1298.063","6664.797","2352.078","8733.706","3233.701","6694.232","2410.182"
"MVZ177001","7945.976","2896.752","334536","321.293","29.344","0.024","13239.619","270.196","45.575","2794.807","996.758","4775.059","1754.949","7933.167","2833.306","10075.411","3751.77","7945.976","2896.752"
"MVZ177002","7180.491","3516.244","296008","531.414","26.909","0.03","17452.385","356.171","101.517","2935.392","1190.006","4834.621","2278.143","7328.473","3516.725","8501.548","4246.194","7180.491","3516.244"
"MVZ177003","7512.902","2901.485","277891","400.172","26.909","0.028","14528.23","296.494","69.706","2871.285","1083.629","4790.442","1849.839","7607.503","2884.16","9163.612","3590.814","7512.902","2901.485"
"MVZ177004","7372.058","2428.623","342615","321.041","29.344","0.027","11953.181","243.942","46.894","2657.79","849.523","4472.792","1530.553","7408.766","2448.647","9254.96","3016.983","7372.058","2428.623"
"MVZ177005","8305.433","2805.624","231294","366.427","22.627","0.026","13982.103","285.349","55.745","3092.425","1091.891","5108.215","1907.438","8349.616","2831.452","10323.882","3348.294","8305.433","2805.624"
"MVZ177006","8635.597","3829.272","349251","458.696","20.749","0.026","17918.565","365.685","66.287","3156.644","1292.709","5553.199","2480.018","8750.83","3836.577","10417.566","4611.172","8635.597","3829.272"
"MVZ177009","8518.385","3495.327","318051","387.874","64","0.024","15835.242","323.168","51.529","3239.228","1335.1","5432.803","2367.644","8594.372","3496.26","10392.079","4183.744","8518.385","3495.327"
"MVZ177010","8994.325","3419.47","252522","475.08","24.675","0.028","17137.638","349.748","84.311","3439.813","1134.7","5522.263","2143.998","9026.987","3436.697","11183.859","4176.887","8994.325","3419.47"
"MVZ58402","5102.89","2669.817","377733","381.702","26.909","0.029","13271.998","270.857","71.415","2432.765","1073.885","3455.27","1755.257","5284.057","2695.067","6013.293","3186.048","5102.89","2669.817"
"MVZ132294","9237.014","3230.388","358462","397.544","22.627","0.027","14563.54","297.215","70.563","4258.032","1594.307","6458.627","2193.047","9366.174","3258.19","10801.626","3748.776","9237.014","3230.388"
"MVZ132295","8525.949","3357.348","419207","444.821","26.909","0.027","16286.253","332.373","68.88","3689.582","1366.966","6050.865","2446.585","8683.562","3426.282","9857.918","3774.481","8525.949","3357.348"
"MVZ162686","11652.46","4073.332","382167","554.034","24.675","0.028","20012.664","408.422","95.616","4937.009","1687.427","8020.424","2890.373","11700.121","4113.051","13806.213","4700.193","11652.46","4073.332"
"MVZ162687","8095.879","3995.699","380794","567.71","22.627","0.029","19878.019","405.674","105.668","3430.791","1488.46","5570.914","2718.883","8233.483","4031.834","9516.265","4667.613","8095.879","3995.699"
"MVZ162689","9928.695","3222.551","464201","438.658","29.344","0.027","16339.35","333.456","66.247","4185.767","1416.663","6887.032","2392.326","9929.844","3277.945","11878.222","3668.589","9928.695","3222.551"
"MVZ162691","10004.834","3766.772","441181","511.199","29.344","0.027","18806.244","383.801","82.479","4142.293","1530.514","6998.363","2734.09","10130.191","3842.971","11670.01","4253.261","10004.834","3766.772"
"MVZ165396","6737.089","3141.485","277875","469.113","24.675","0.029","16093.061","328.43","92.216","2883.383","1188.954","4713.599","2187.793","6922.877","3191.706","7799.349","3594.555","6737.089","3141.485"
"MVZ165398","9984.54","3417.393","417494","439.846","22.627","0.026","16971.126","346.35","60.163","4319.465","1353.309","6769.119","2359.895","10014.41","3450.417","11987.17","4031.283","9984.54","3417.393"
"MVZ165400","7810.056","3565.668","340558","513.402","24.675","0.029","17832.827","363.935","95.281","3479.784","1443.494","5618.55","2611.965","7982.784","3633.825","8963.916","3991.494","7810.056","3565.668"
"MVZ165401","7526.339","3537.22","399627","474.883","26.909","0.028","17183.691","350.688","84.724","3165.231","1295.919","5141.406","2423.152","7669.701","3580.509","8869.351","4089.614","7526.339","3537.22"
"MVZ165402","9483.686","3700.28","359496","521.588","22.627","0.028","18386.668","375.238","88.484","4290.139","1655.727","6700.902","2726.968","9544.316","3731.616","11175.556","4227.754","9483.686","3700.28"
"MVZ180084","7713.581","2941.922","455674","412.39","26.909","0.028","14782.425","301.682","61.839","3438.907","1262.577","5312.679","2033.077","7797.119","2969.577","9188.451","3477.47","7713.581","2941.922"
"MVZ180088","7726.444","3433.437","386038","469.637","26.909","0.028","16867.977","344.244","86.399","3475.838","1577.741","5200.58","2352.561","7824.388","3403.607","9253.102","4123.748","7726.444","3433.437"
"MVZ180089","6703.511","3047.243","383602","463.005","26.909","0.03","15687.811","320.159","86.776","2993.793","1205.429","4564.401","1988.566","6843.768","3078.274","7938.829","3605.14","6703.511","3047.243"
"MVZ180090","7724.659","3456.024","383457","482.871","24.675","0.028","17496.276","357.067","81.228","3172.731","1356.658","5387.511","2394.123","7889.535","3495.209","8981.845","4017.07","7724.659","3456.024"
"MVZ165717","10438.364","3864.823","378579","530.478","29.344","0.028","18672.388","381.069","92.628","4175.513","1326.075","6958.044","2528.558","10555.948","3945.225","12398.272","4486.397","10438.364","3864.823"
"MVZ165718","9285.239","3853.09","311210","541.575","24.675","0.028","19265.324","393.17","98.392","4001.345","1662.211","6435.567","2783.871","9436.888","3918.263","10834.843","4345.262","9285.239","3853.09"
"MVZ165720","10544.906","3149.322","327605","460.759","26.909","0.029","16014.718","326.831","79.159","4249.564","1334.869","7010.224","2243.266","10587.745","3189.65","12690.535","3677.771","10544.906","3149.322"
"MVZ165729","11457.551","3571.182","335799","509.58","29.344","0.028","18386.55","375.236","71.683","4240.969","1264.388","7758.448","2465.074","11577.902","3670.457","13493.268","4073.135","11457.551","3571.182"
"MVZ165730","8940.967","3383.976","276761","457.719","32","0.027","17050.443","347.968","65.419","3848.84","1227.514","6052.145","2260.121","9060.177","3453.84","10596.593","3929.729","8940.967","3383.976"
"MVZ1066","14758.605","4664.064","336074","651.368","29.344","0.029","22510.016","459.388","127.557","6348.643","1796.6","9988.998","3168.467","14766.113","4723.36","17585.076","5426.532","14758.605","4664.064"
"MVZ74244","14128.39","4744.657","279376","541.979","26.909","0.027","20209.446","412.438","84.053","5467.159","1801.025","9292.287","3214.844","14179.76","4788.336","16913.677","5538.175","14128.39","4744.657"
"MVZ74245","12212.158","3734.981","380851","502.219","34.896","0.027","18564.258","378.862","78.607","5036.232","1441.138","8147.647","2473.048","12233.866","3800.564","14667.114","4426.601","12212.158","3734.981"
"MVZ74248","13929.953","3780.651","332505","528.714","20.749","0.027","19493.756","397.832","81.8","6034.409","1562.231","9497.784","2580.384","13887.65","3835.896","16683.957","4494.441","13929.953","3780.651"
"MVZ74249","12992.553","4122.953","327801","551.437","24.675","0.027","20142.087","411.063","109.323","5336.447","1555.98","8650.432","2724.761","12967.727","4176.014","15683.431","4875.717","12992.553","4122.953"
"MVZ74251","11733.722","4090.859","304283","624.573","22.627","0.031","20369.719","415.709","126.46","4980.851","1732.587","7822.763","2788.342","11746.249","4150.667","14137.046","4763.582","11733.722","4090.859"
"MVZ74252","13075.835","4708.744","342490","726.459","29.344","0.03","24024.525","490.296","138.406","5712.011","1945.614","8999.032","3307.729","13109.663","4802.178","15484.834","5357.141","13075.835","4708.744"
"MVZ74253","12742.34","5601.975","329145","898.264","29.344","0.033","27615.193","563.575","216.241","5279.553","1981.187","8666.388","3783.694","12791.905","5671.577","15120","6463.64","12742.34","5601.975"
"MVZ74254","12880.703","5109.798","243713","742.96","24.675","0.029","25189.331","514.068","149.945","5298.116","1682.487","8635.248","3330.616","12931.954","5179.272","15356.558","6004.513","12880.703","5109.798"
"MVZ74255","13357.103","3787.426","336654","524.231","22.627","0.028","18965.519","387.051","86.097","5324.554","1516.526","8660.446","2551.054","13332.552","3845.789","16253.687","4509.402","13357.103","3787.426"
"MVZ74457","12758.589","4374.426","415059","680.261","24.675","0.031","22130.221","451.637","137.931","5252.73","1438.305","8531.251","2789.879","12827.699","4452.823","15193.024","5171.804","12758.589","4374.426"
"MVZ8090","15894.593","5127.533","289157","756.065","26.909","0.029","25799.363","526.518","138.913","6576.641","1804.175","10648.382","3410.642","15891.072","5183.227","18985.878","6037.19","15894.593","5127.533"
"MVZ852","14759.444","3599.699","254924","427.37","22.627","0.025","17206.214","351.147","53.224","5633.015","1555.005","9252.767","2608.828","14576.115","3677.761","18425.129","4122.851","14759.444","3599.699"
"MVZ853","15160.868","4001.997","233425","513.424","20.749","0.026","19505.378","398.069","73.332","5949.778","1482.731","9981.942","2737.057","15107.232","4072.395","18335.223","4635.168","15160.868","4001.997"
"MVZ854","16828.426","3489.572","297965","437.17","22.627","0.026","16993.936","346.815","53.523","6987.157","1435.832","11167.692","2595.917","16640.236","3645.553","20523.307","3805.669","16828.426","3489.572"
"MVZ855","15131.22","3874.856","328818","485.289","29.344","0.027","17831.662","363.911","75.517","6112.327","1668.342","9773.994","2772.665","14996.647","3949.226","18595.016","4461.332","15131.22","3874.856"
"MVZ961","16511.74","4103.207","305048","503.615","24.675","0.026","19035.224","388.474","68.256","7179.195","1886.645","11398.268","3093.622","16485.795","4211.842","19550.681","4544.97","16511.74","4103.207"
"MVZ966","13660.344","4460.179","333966","614.793","26.909","0.03","20215.477","412.561","126.23","5379.234","1627.974","8743.217","2823.114","13628.621","4508.995","16694.271","5322.173","13660.344","4460.179"
"MVZ102733","15110.913","5174.489","286784","741.329","38.055","0.03","24389.236","497.74","149.119","6454.991","1929.348","10252.043","3474.31","15101.216","5209.314","18010.389","6089.919","15110.913","5174.489"
"MVZ102734","16208.144","5260.295","311169","785.689","24.675","0.029","27039.313","551.823","150.244","6570.246","1926.674","10782.185","3516.943","16148.306","5314.135","19509.378","6168.922","16208.144","5260.295"
"MVZ163175","7485.869","2929.106","466430","376.319","32","0.025","14849.296","303.047","43.706","3625.959","1309.627","5589.601","2193.522","7670.769","2998.953","8451.333","3276.43","7485.869","2929.106"
"MVZ163176","6015.776","2814.174","372684","373.295","32","0.027","13997.096","285.655","55.698","2708.294","1148.245","4205.495","1912.272","6200.034","2822.338","6980.869","3338.008","6015.776","2814.174"
"MVZ163177","6608.658","2578.919","431800","353.973","26.909","0.027","12933.422","263.947","54.261","3227.212","1136.165","4863.569","1902.642","6764.157","2618.599","7575.235","2956.585","6608.658","2578.919"
"MVZ163179","5737.782","2507.293","403688","306.456","26.909","0.025","12110.51","247.153","39.069","2379.881","944.713","3889.594","1653.548","5897.537","2532.317","6781.393","2983.998","5737.782","2507.293"
"MVZ163180","6383.097","2399.423","454966","323.081","26.909","0.026","12422.664","253.524","44.104","3010.591","1052.858","4653.196","1759.23","6515.138","2438.461","7392.755","2758.824","6383.097","2399.423"
"MVZ163216","7465.304","2834.182","362018","359.422","26.909","0.026","13644.737","278.464","47.261","3594.226","1480.876","5511.569","2267.085","7632.382","2911.383","8503.939","3077.702","7465.304","2834.182"
"MVZ163217","6953.155","2833.718","360059","404.32","29.344","0.028","14333.713","292.525","63.097","3169.378","1205.286","4802.468","1976.685","7104.79","2854.604","8164.9","3322.367","6953.155","2833.718"
"MVZ163218","7006.44","2989.009","433173","432.169","29.344","0.028","15201.319","310.231","77.218","3017.042","1242.939","5055.049","2141.134","7204.772","3042.542","7986.078","3401.844","7006.44","2989.009"
"MVZ163219","6155.524","2721.278","482926","413.267","29.344","0.03","13750.175","280.616","78.828","3135.914","1384.418","4430.79","2011.638","6317.027","2727.768","7120.227","3156.81","6155.524","2721.278"
"MVZ163220","6192.823","2810.888","368879","377.619","24.675","0.027","14041.753","286.566","55.407","2849.06","1174.151","4405.657","1916.017","6358.485","2833.864","7175.974","3322.636","6192.823","2810.888"
"MVZ163234","7241.365","2661.548","450772","398.988","34.896","0.029","13594.049","277.43","72.098","3404.997","1111.288","5004.935","1746.593","7404.554","2666.296","8476.941","3194.165","7241.365","2661.548"
"MVZ163237","8100.056","2873.815","358931","366.276","24.675","0.026","13984.334","285.395","44.7","3352.219","1101.746","5433.908","1921.355","8261.913","2959.37","9559.712","3314.119","8100.056","2873.815"
"MVZ163239","6611.384","2698.67","336076","374.052","26.909","0.027","13621.243","277.985","58.791","2700.974","1060.295","4554.516","1790.326","6809.215","2750.225","7671.985","3160.195","6611.384","2698.67"
"MVZ163242","6754.336","2855.713","418123","400.726","29.344","0.028","14279.651","291.421","62.543","3176.85","1185.039","4868.773","2012.761","6922.913","2905.767","7773.409","3302.662","6754.336","2855.713"
"MVZ163243","7681.252","2670.829","302767","379.231","29.344","0.028","13553.969","276.612","69.835","3160.231","1194.578","5333.007","1908.169","7842.6","2672.011","8957.381","3120.601","7681.252","2670.829"
"MVZ163247","6343.234","2664.791","409705","401.891","34.896","0.03","13394.445","273.356","82.156","2410.595","968.547","4071.673","1627.035","6497.094","2678.678","7636.335","3259.691","6343.234","2664.791"
"MVZ163249","8151.725","3201.453","383219","463.273","32","0.028","16297.524","332.603","89.841","3570.382","1381.151","5869.874","2280.056","8327.198","3199.703","9342.379","3750.93","8151.725","3201.453"
"MVZ163250","6761.04","3114.603","362637","470.915","26.909","0.03","15576.501","317.888","90.283","3109.798","1319.099","4786.219","2201.632","6974.94","3172.066","7741.312","3549.017","6761.04","3114.603"
"MVZ163251","7690.391","3538.903","461125","481.218","29.344","0.027","17581.543","358.807","76.821","3021.58","1341.684","5205.683","2365.643","7868.575","3585.751","9011.792","4150.705","7690.391","3538.903"
"MVZ163254","5781.973","2482.53","341411","344.493","29.344","0.027","12748.754","260.179","52.637","2373.817","939.549","3942.976","1668.273","5966.046","2521.869","6767.675","2915.917","5781.973","2482.53"
"MVZ149571","10657.324","3695.933","247175","513.579","24.675","0.028","18537.933","378.325","84.158","4466.124","1471.837","7058.083","2461.342","10701.21","3765.799","12841.97","4318.54","10657.324","3695.933"
"MVZ149572","11933.23","3407.02","271855","378.051","29.344","0.023","16127.798","329.139","33.864","6002.821","1645.335","8399.751","2549.531","11738.106","3481.479","14546.143","3830.88","11933.23","3407.02"
"MVZ58954","8668.57","2800.196","436049","382.536","38.055","0.027","14400.917","293.896","48.821","3599.856","1125.781","5658.301","1876.097","8683.048","2875.523","10625.199","3283.532","8668.57","2800.196"
"MVZ67284","7820.259","3418.497","334359","516.285","29.344","0.031","16895.162","344.799","105.003","3042.329","1222.541","5231.766","2212.587","7952.294","3462.187","9296.004","4027.582","7820.259","3418.497"
"MVZ67286","7861.139","3464.496","314032","522.508","26.909","0.029","17857.7","364.443","101.241","3178.359","1185.137","5309.516","2240.15","8007.446","3523.336","9286.185","4059.484","7861.139","3464.496"
"MVZ71116","8298.176","2634.201","469836","386.324","34.896","0.028","13666.754","278.913","59.834","3578.82","1111.648","5765.042","1846.523","8372.366","2715.92","9849.009","2992.264","8298.176","2634.201"
"MVZ71117","9761.423","2983.858","366504","421.227","34.896","0.028","15042.548","306.991","66.571","3951.735","1225.372","6626.349","2122.448","9813.014","3089.733","11669.835","3368.067","9761.423","2983.858"
"MVZ71118","10706.931","2749.854","403793","337.012","22.627","0.025","13492.242","275.352","47.739","4852.177","1256.395","7554.285","2051.227","10674.228","2857.409","12776.036","3049.86","10706.931","2749.854"
"MVZ71119","11077.449","3454.523","430735","424.843","32","0.026","16576.001","338.286","49.364","4794.592","1399.68","7346.023","2362.122","11076.729","3537.649","13424.481","3984.54","11077.449","3454.523"
"MVZ71120","9266.344","3795.055","363619","552.032","26.909","0.029","19295.592","393.788","95.901","3823.958","1380.989","6367.096","2544.116","9399.469","3873.754","10880.152","4364.833","9266.344","3795.055"
"MVZ71121","10154.087","4416.18","433228","648.345","29.344","0.03","21384.384","436.416","125.838","4375.929","2048.339","7150.989","3146.855","10290.694","4461.891","11795.141","5071.222","10154.087","4416.18"
"MVZ82390","11690.09","3466.456","335914","452.449","26.909","0.026","17538.057","357.92","60.817","4643.927","1377.315","7846.053","2505.573","11614.756","3562.361","14220.458","3940.153","11690.09","3466.456"
"MVZ87783","10211.381","3143.369","295815","422.758","29.344","0.026","16006.887","326.671","65.95","3593.783","1078.541","6061.818","1906.835","10138.768","3142.878","12984.481","3928.767","10211.381","3143.369"
"MVZ87784","11375.245","2836.685","329051","386.566","29.344","0.026","14597.414","297.906","61.919","4030.421","994.281","6976.559","1774.025","11251.991","2868.747","14358.411","3521.852","11375.245","2836.685"
"MVZ87785","9767.321","3283.234","330737","471.454","24.675","0.028","16881.711","344.525","74.235","3385.238","1039.582","5859.291","1895.884","9722.216","3276.824","12348.907","4178.295","9767.321","3283.234"
"MVZ87786","10082.172","3722.381","316157","535.862","29.344","0.029","18375.14","375.003","99.383","4089.852","1830.709","6621.974","2632.469","10067.32","3701.601","12320.903","4460.185","10082.172","3722.381"
"MVZ87788","9039.911","3695.198","291180","520.651","26.909","0.027","19039.406","388.559","85.549","3418.895","1370.264","5773.737","2359.553","9059.036","3700.183","11122.314","4516.157","9039.911","3695.198"
"MVZ22707","6631.819","2308.917","400952","281.245","26.909","0.026","10995.469","224.397","36.272","2020.144","783.325","3922.274","1463.84","6643.185","2373.921","8466.255","2758.509","6631.819","2308.917"
"MVZ22708","6745.356","2199.765","287714","289.636","32","0.027","10558.095","215.471","57.384","2343.718","990.806","4424.086","1577.469","6890.762","2220.5","8062.527","2553.144","6745.356","2199.765"
"MVZ22709","7395.483","3269.84","276044","371.216","29.344","0.026","14331.885","292.487","53.236","2400.485","997.098","4795.42","2018.114","7546.274","3292.462","8842.958","3972.616","7395.483","3269.84"
"MVZ22710","7146.704","3365.383","301607","435.926","34.896","0.028","15800.458","322.458","68.228","2324.289","1144.533","4485.898","2045.324","7268.138","3360.114","8705.435","4160.226","7146.704","3365.383"
"MVZ22711","6445.335","2758.179","319136","355.884","22.627","0.026","13495.876","275.426","48.818","2142.428","831.291","4239.735","1740.352","6607.553","2801.379","7663.712","3298.074","6445.335","2758.179"
"MVZ22714","6824.244","2690.672","323138","382.481","34.896","0.03","12562.715","256.382","76.695","2497.59","1009.373","4541.17","1791.262","6965.474","2722.981","8125.566","3154.801","6824.244","2690.672"
"MVZ22719","6048.496","2381.17","290535","337.973","26.909","0.028","12098.967","246.918","55.952","1887.143","801.405","3721.432","1400.3","6170.265","2394.289","7442.128","2967.989","6048.496","2381.17"
"MVZ22720","8014.387","2317.739","369068","264.403","22.627","0.025","10624.109","216.819","30.641","2375.328","930.374","4755.517","1544.859","8061.628","2358.526","10060.28","2787.964","8014.387","2317.739"
"MVZ22721","7343.81","2893.536","403065","334.852","26.909","0.027","12490.197","254.902","70.12","2363.526","1123.735","4483.856","1871.478","7404.751","2873.295","9143.842","3547.086","7343.81","2893.536"
"MVZ22722","7825.342","2129.867","274591","252.792","26.909","0.025","9978.932","203.652","29.348","2334.865","885.988","4540.984","1508.541","7754.962","2183.36","10137.181","2495.037","7825.342","2129.867"
"MVZ22724","7641.532","2543.169","333275","261.137","29.344","0.024","10670.26","217.76","36.09","2168.008","1053.029","4287.688","1781.406","7552.224","2575.008","10041.015","2994.029","7641.532","2543.169"
"MVZ22727","5435.747","2362.206","295484","349.618","29.344","0.029","12122.006","247.388","62.503","1728.644","874.016","3323.736","1355.821","5543.518","2349.138","6750.158","3016.287","5435.747","2362.206"
"MVZ22729","7023.315","2619.186","187883","377.973","24.675","0.029","13034.079","266.002","68.814","1990.477","720.29","4229.298","1552.366","7137.268","2663.693","8679.316","3169.311","7023.315","2619.186"
"MVZ64579","6357.869","2580.227","409165","342.243","29.344","0.028","12440.842","253.895","59.227","2481.105","1250.292","4192.705","1774.134","6515.651","2597.77","7576.901","3092.904","6357.869","2580.227"
"MVZ64581","5640.471","1648.154","501009","217.988","29.344","0.026","8331.581","170.032","27.536","1931.871","642.771","3365.519","1031.578","5689.979","1651.654","7172.954","2078.981","5640.471","1648.154"
"MVZ64583","6213.526","2048.592","433160","247.405","41.499","0.027","9073.521","185.174","38.135","2027.279","896.079","3729.969","1419.142","6223.467","2089.378","7930.091","2407.858","6213.526","2048.592"
"MVZ64587","5780.586","2166.011","544564","233.698","49.351","0.025","9366.397","191.151","29.137","1943.145","813.918","3511.094","1351.244","5810.117","2176.799","7342.456","2687.502","5780.586","2166.011"
"MVZ64590","5218.854","1874.384","453667","265.864","34.896","0.029","9097.577","185.665","51.642","1761.664","645.828","3149.132","1079.391","5350.944","1866.974","6470.01","2380.235","5218.854","1874.384"
"MVZ64592","6033.685","1844.021","468427","267.448","29.344","0.029","9363.635","191.095","44.603","2064.687","738.535","3734.472","1166.74","6094.664","1874.799","7540.163","2247.295","6033.685","1844.021"
"MVZ64593","5194.069","2128.564","338850","290.113","38.055","0.028","10362.29","211.475","48.235","1932.442","813.221","3343.576","1304.571","5347.842","2130.636","6268.071","2651.119","5194.069","2128.564"
"MVZ162699","6708.074","2821.15","388666","338.956","24.675","0.026","12886.901","262.998","51.783","3014.68","1096.335","4647.536","1906.633","6818.899","2799.4","7953.755","3416.419","6708.074","2821.15"
"MVZ162700","6111.888","3390.141","384441","447.368","24.675","0.026","16891.216","344.719","69.257","2526.076","1413.023","3962.694","2281.407","6320.869","3432.809","7230.572","3975.25","6111.888","3390.141"
"MVZ162701","5491.761","2778.205","322583","397.452","29.344","0.028","14416.925","294.223","70.092","2470.497","1087.777","3637.632","1803.56","5649.959","2799.435","6560.053","3323.112","5491.761","2778.205"
"MVZ162702","6292.602","2669.401","381388","347.2","22.627","0.026","13478.022","275.062","58.648","2804.52","1098.803","4246.28","1757.042","6368.936","2610.356","7616.091","3389.66","6292.602","2669.401"
"MVZ162703","8148.767","3062.105","413020","360.31","24.675","0.025","14349.531","292.848","39.27","3004.469","1111.007","5255.695","1991.421","8249.059","3088.445","9863.918","3692.819","8148.767","3062.105"
"MVZ162704","7037.073","3130.03","382153","375.569","22.627","0.026","14467.204","295.249","57.869","2837.133","1192.1","4536.582","2016.905","7149.133","3097.235","8535.722","3840.155","7037.073","3130.03"
"MVZ162708","6640.02","3032.663","447455","374.031","26.909","0.026","14132.075","288.41","60.969","2991.388","1486.762","4447.02","2250.257","6730.657","3041.549","8013.628","3509.734","6640.02","3032.663"
"MVZ162711","6723.085","3438.351","366458","414.095","22.627","0.026","16077.763","328.118","61.279","2770.188","1340.1","4430.353","2299.729","6867.335","3465.697","8038.536","4089.817","6723.085","3438.351"
"MVZ165405","5935.588","2756.257","304994","382.193","24.675","0.028","13813.424","281.907","61.798","2831.232","1037.737","3942.939","1748.745","6090.163","2763.066","7086.867","3352.744","5935.588","2756.257"
"MVZ165406","6293.989","3194.922","336534","379.019","29.344","0.026","14827.882","302.61","57.172","2867.966","1206.783","4278.588","2026.553","6405.943","3146.631","7526.452","3997.89","6293.989","3194.922"
"MVZ165408","6150.151","3393.263","287642","405.827","24.675","0.026","15812.998","322.714","57.973","2385.456","1153.011","3918.904","2071.712","6287.163","3368.703","7460.983","4239.438","6150.151","3393.263"
"MVZ165409","6693.727","3097.841","319377","398.651","24.675","0.025","15739.093","321.206","52.355","2972.612","1188.924","4693.748","2192.356","6874.513","3139.697","7756.241","3555.944","6693.727","3097.841"
"MVZ165410","6704.349","2902.849","241684","365.013","29.344","0.026","14089.028","287.531","55.973","2830.377","1170.045","4461.516","1907.006","6827.669","2871.293","8034.868","3579.544","6704.349","2902.849"
"MVZ165411","6637.375","2902.949","281670","395.618","22.627","0.028","14308.198","292.004","64.858","2567.352","1169.011","4335.256","1954.504","6794.354","2935.481","7931.349","3452.296","6637.375","2902.949"
"MVZ165415","6062.729","2604.152","326539","340.88","24.675","0.027","12818.071","261.593","56.347","2540.532","873.38","3971.13","1633.225","6188.517","2648.237","7317.859","3157.366","6062.729","2604.152"
"MVZ165416","6796.424","3561.298","280825","495.718","22.627","0.028","17492.366","356.987","89.431","3052.55","1263.445","4767.178","2409.08","6978.98","3608.666","7870.126","4141.019","6796.424","3561.298"
"MVZ165417","6004.17","2887.977","260396","389.128","22.627","0.027","14514.182","296.208","57.801","2365.989","950.145","3904.459","1801.772","6154.628","2904.479","7211.513","3516.134","6004.17","2887.977"
"MVZ165419","7024.977","2897.509","310770","391.674","22.627","0.027","14514.849","296.221","63.249","2851.61","1250.845","4419.195","1888.11","7079.667","2873.088","8709.345","3623.379","7024.977","2897.509"
"MVZ166913","5272.621","2420.154","334208","319.513","26.909","0.027","11839.196","241.616","46.044","2729.26","1087.72","3754.497","1655.21","5456.961","2447.727","6094.268","2857.732","5272.621","2420.154"
"MVZ166915","6276.907","2988.312","333300","345.832","24.675","0.026","13517.597","275.869","41.453","2932.9","1060.628","4491.015","1934.967","6450.056","2967.02","7241.706","3649.977","6276.907","2988.312"
"MVZ160767","6770.678","2663.961","348897","399.835","32","0.029","13569.071","276.92","83.116","2631.112","843.432","4428.696","1590.613","6923.143","2623.272","8094.907","3358.147","6770.678","2663.961"
"MVZ160768","6784.548","2554.074","415797","324.163","45.255","0.026","12324.237","251.515","52.989","3091.621","1209.633","4600.546","1731.741","6904.633","2503.627","8089.079","3153.7","6784.548","2554.074"
"MVZ160769","7146.661","2945.271","403521","427.77","38.055","0.028","15343.131","313.125","70.424","3032.662","1099.646","4904.018","1897.875","7323.441","2949.889","8349.209","3568.605","7146.661","2945.271"
"MVZ160772","6563.082","2986.71","458440","416.495","38.055","0.028","14801.155","302.064","72.03","2571.079","1020.105","4248.373","1828.574","6677.052","2947.805","7957.769","3755.556","6563.082","2986.71"
"MVZ160773","7806.321","3059.061","337263","416.938","32","0.027","15370.375","313.681","66.255","2837.655","971.068","5065.127","1865.974","7955.363","3046","9339.182","3819.807","7806.321","3059.061"
"MVZ160777","7517.273","2895.865","305977","417.894","29.344","0.029","14613.059","298.226","71.052","3353.031","1041.737","4984.166","1752.349","7608.467","2869.664","9070.06","3649.248","7517.273","2895.865"
"MVZ164441","6487.131","2606.647","286821","331.981","24.675","0.026","12852.954","262.305","44.629","2574.533","955.516","4160.974","1707.226","6610.847","2629.49","7873.934","3124.352","6487.131","2606.647"
"MVZ164443","6516.846","2620.472","274865","334.415","24.675","0.026","12883.925","262.937","45.745","2560.557","966.053","4168.56","1719.447","6639.664","2642.457","7917.419","3139.456","6516.846","2620.472"
"MVZ164445","7161.994","2956.981","305773","381.841","34.896","0.027","14062.259","286.985","61.721","2934.803","1164.551","4679.283","1918.163","7304.264","2977.384","8584.355","3562.436","7161.994","2956.981"
"MVZ164447","5991.195","3076.736","385342","426.442","34.896","0.028","15332.885","312.916","68.971","2258.525","1096.587","4196.181","2138.017","6212.928","3116.449","6854.877","3550.503","5991.195","3076.736"
"MVZ164450","6754.047","2744.941","467152","375.316","29.344","0.027","13863.063","282.92","57.766","2930.176","1125.616","4685.73","1877.838","6875.852","2748.837","7977.143","3306.94","6754.047","2744.941"
"MVZ164452","6334.955","3397.078","307413","504.513","29.344","0.03","16874.199","344.371","103.938","2532.082","1280.525","4584.397","2453.32","6567.162","3435.841","7137.825","3861.534","6334.955","3397.078"
"MVZ164454","7069.074","3508.579","309467","442.523","26.909","0.026","16953.266","345.985","61.318","2782.606","1326.393","4795.472","2363.354","7217.867","3551.786","8343.251","4130.083","7069.074","3508.579"
"MVZ164457","6945.804","3502.262","272826","493.79","26.909","0.028","17508.023","357.307","84.48","2687.992","1269.048","4764.383","2380.522","7124.573","3516.609","8104.252","4110.345","6945.804","3502.262"
"MVZ33529","5771.213","2637.605","423091","392.151","38.055","0.03","13073.114","266.798","81.699","2457.784","1157.282","4118.194","1886.916","5946.557","2629.68","6659.309","3122.473","5771.213","2637.605"
"MVZ46851","6756.054","2627.267","400029","360.487","26.909","0.028","12991.095","265.124","59.202","2600.205","881.677","4542.55","1740.963","6909.76","2626.548","7995.443","3168.828","6756.054","2627.267"
"MVZ46853","7289.365","3259.331","388636","486.133","26.909","0.03","16424.712","335.198","97.35","3042.236","1337.566","4864.901","2201.275","7420.134","3231.799","8694.474","3938.042","7289.365","3259.331"
"MVZ65511","7259.248","3126.271","392419","468.443","26.909","0.029","15884.095","324.165","94.298","3024.202","1140.073","4831.569","2037.308","7387.262","3099.363","8673.148","3812.157","7259.248","3126.271"
"MVZ65513","7366.812","2677.106","347866","327.535","49.351","0.025","13257.282","270.557","43.104","3082.737","1001.398","4617.236","1661.752","7428.253","2668.515","9118.71","3352.127","7366.812","2677.106"
"MVZ82381","6631.86","3035.998","492198","412.672","26.909","0.028","14808.403","302.212","64.073","2526.887","1067.417","4589.497","2136.548","6837.082","3078.786","7659.753","3519.551","6631.86","3035.998"
"MVZ133192","5933.808","2963.213","440955","420.976","29.344","0.028","15265.545","311.542","73.434","2622.667","1077.541","4349.698","2076.454","6145.616","3003.365","6699.206","3407.598","5933.808","2963.213"
"MVZ134098","8575.052","3405.415","440605","464.527","32","0.028","16822.715","343.321","73.996","3894.779","1423.667","6486.108","2623.673","8795.485","3497.496","9535.256","3704.742","8575.052","3405.415"
"MVZ134099","7740.925","3037.09","432064","373.47","29.344","0.026","14464.928","295.203","56.488","3324.605","1228.077","5293.282","2111.651","7858.489","3032.804","9171.079","3593.014","7740.925","3037.09"
"MVZ134250","7002.066","2698.099","395347","360.46","24.675","0.028","12964.499","264.582","66.409","3042.578","1050.57","4870.956","1864.303","7142.064","2721.335","8217.015","3150.708","7002.066","2698.099"
"MVZ57430","9200.34","3810.477","472834","536.093","29.344","0.029","18763.606","382.931","89.166","4095.137","1418.209","6560.868","2626.04","9372.454","3816.62","10581.843","4451.864","9200.34","3810.477"
"MVZ57431","10811.307","3447.501","536158","434.578","24.675","0.027","16128.646","329.156","65.342","5145.997","1731.379","7792.154","2594.599","10919.636","3504.305","12509.883","3853.55","10811.307","3447.501"
"MVZ57432","10722.525","4903.989","569618","624.656","29.344","0.027","22975.042","468.878","99.169","4748.901","2036.788","7713.66","3550.425","10863.912","4943.574","12334.415","5596.257","10722.525","4903.989"
"MVZ57441","10370.404","3179.346","433367","386.687","24.675","0.025","15557.201","317.494","45.579","4625.259","1317.455","7416.357","2331.483","10454.702","3240.448","12082.87","3625.867","10370.404","3179.346"
"MVZ67608","7662.087","3728.819","365059","486.266","24.675","0.027","18224.503","371.929","73.982","3576.224","1454.024","5727.299","2639.447","7846.202","3748.503","8640.63","4304.337","7662.087","3728.819"
"MVZ67701","7674.713","2941.972","428394","404.515","26.909","0.028","14653.208","299.045","58.312","3407.881","1066.339","5288.322","1973.026","7819.257","2996.199","9017.507","3439.17","7674.713","2941.972"
"MVZ69178","7987.394","3734.088","362196","531.045","22.627","0.028","18726.47","382.173","89.79","3747.926","1527.443","5628.382","2616.797","8133.084","3793.856","9303.34","4271.718","7987.394","3734.088"
"MVZ69181","7717.51","3964.439","323022","588.17","20.749","0.029","20182.429","411.886","111.585","3862.394","1753.465","5580.403","2858.251","7884.443","4026.308","8867.725","4462.665","7717.51","3964.439"
"MVZ69184","7226.916","3350.444","325920","448.856","32","0.027","16528.424","337.315","81.367","3289.061","1258.623","5021.172","2249.405","7373.145","3397.744","8471.911","3889.671","7226.916","3350.444"
"MVZ90359","6309.596","1970.231","437564","244.211","32","0.027","8904.653","181.728","36.012","3255.597","1014.66","4600.393","1517.221","6477.66","1991.093","7247.143","2241.45","6309.596","1970.231"
"MVZ90360","8442.261","1665.751","395581","200.786","24.675","0.025","8121.264","165.74","24.745","4413.731","998.81","6326.886","1422.043","8553.148","1694.519","9675.204","1809.681","8442.261","1665.751"
"MVZ90361","7906.915","2892.238","448448","345.675","34.896","0.027","12948.821","264.262","49.252","3733.395","1391.163","5975.312","2329.275","8113.629","2941.592","8829.677","3132.022","7906.915","2892.238"
"MVZ90362","7418.431","2086.177","564312","248.649","34.896","0.024","10304.125","210.288","24.644","3644.515","983.905","5462.726","1544.859","7583.704","2148.189","8468.318","2364.651","7418.431","2086.177"
"MVZ90365","7648.295","2471.891","388096","361.05","29.344","0.029","12338.446","251.805","63.071","3700.392","985.838","5679.989","1781.564","7827.141","2528.696","8666.231","2772.917","7648.295","2471.891"
"MVZ64678","9863.579","3785.965","360701","571.579","26.909","0.03","19307.361","394.028","106.555","3900.702","1173.661","6601.212","2414.178","10010.473","3853.257","11647.912","4455.695","9863.579","3785.965"
