"","u","s","m","l","u.r","s.r","m.r","l.r","x","y","z","h.theta","h.phi","r.vec","r.max","r.achieved"
"MVZ116808","0.1205579703372472","0.2029704823507697","0.3099162874962945","0.3665552598156885","-0.1294420296627528","-0.04702951764923032","0.05991628749629454","0.11655525981568861","0.1001748086189469","0.01778615131568753","-0.1294420296627528","0.17571992103456083","-0.904649993107754","0.16464075590108349","0.3179816407584869","0.5177681186510112"
"MVZ116809","0.12327837671817828","0.19536333236512868","0.309044032076493","0.37231425884020014","-0.12672162328182174","-0.05463666763487127","0.05904403207649301","0.12231425884020002","0.10835986984416687","0.017822793632054735","-0.12672162328182174","0.16301822199561766","-0.8567488521681719","0.16768387869045592","0.3308114952046038","0.506886493127287"
"MVZ120329","0.1315096567803605","0.19389358307692717","0.30505896807953364","0.3695377920631787","-0.11849034321963947","-0.05610641692307285","0.055058968079533636","0.1195377920631787","0.10755967207277199","0.016506191943393558","-0.1184903432196395","0.1522728501389822","-0.8279203583312664","0.1608772788966247","0.3394312028415994","0.4739613728785579"
"MVZ120330","0.1328936283431804","0.2175803692678446","0.30360970427050976","0.3459162981184652","-0.11710637165681959","-0.032419630732155404","0.05360970427050978","0.0959162981184652","0.0785893853375367","0.015458323381279693","-0.11710637165681961","0.1942179217982292","-0.9709214893337019","0.14187724811299807","0.3028811458030003","0.4684254866272784"
"MVZ19481","0.12918442237167188","0.20512211179524847","0.3033222988747775","0.3623711669583021","-0.1208155776283281","-0.044877888204751575","0.053322298874777546","0.11237116695830214","0.0962949869210615","0.013842081577236234","-0.12081557762832812","0.14276866076088648","-0.8928722321813461","0.15511522016289972","0.3209752070219156","0.4832623105133124"
"MVZ19482","0.1368692933800012","0.2197865788419178","0.30447110301947683","0.3388730247586042","-0.1131307066199988","-0.03021342115808221","0.05447110301947682","0.08887302475860422","0.07292525694435677","0.017777584579961116","-0.1131307066199988","0.23911429077137028","-0.9849974878160903","0.13576705194648062","0.3000225491442309","0.4525228264799952"
"MVZ19483","0.13513513270583713","0.21010467532118","0.3009041761368824","0.3538560158361004","-0.11486486729416287","-0.03989532467882001","0.05090417613688241","0.10385601583610048","0.0880293585256574","0.013381168913758242","-0.11486486729416287","0.1508532051919404","-0.9113758504383376","0.14533465306816165","0.3163165911643968","0.4594594691766515"
"MVZ19484","0.13951787032689122","0.20719382193261224","0.3015265249568518","0.3517617827836447","-0.11048212967310878","-0.04280617806738772","0.05152652495685181","0.10176178278364471","0.08852943430992101","0.015590801266058331","-0.11048212967310878","0.17432119312068847","-0.887798322040793","0.14243186020149412","0.32229615011703083","0.44192851869243505"
"MVZ19486","0.12188530926693553","0.2021241675930729","0.306298939058472","0.3696915840815197","-0.12811469073306447","-0.04787583240692707","0.056298939058471976","0.1196915840815196","0.10261366697828174","0.014418659079296963","-0.12811469073306447","0.13960004689053568","-0.8907004114875883","0.1647751084417894","0.32153827851231626","0.5124587629322579"
"MVZ19487","0.12949368568561842","0.21112008863530854","0.30832268888792685","0.35106353679114616","-0.12050631431438158","-0.038879911364691475","0.05832268888792684","0.10106353679114623","0.08569751020685847","0.019255137200781182","-0.12050631431438158","0.2210167346952905","-0.9409527113925462","0.14911939965649018","0.3093601370702071","0.4820252572575263"
"MVZ19488","0.11770447935237965","0.19311504990293196","0.30500771352364126","0.38417275722104705","-0.13229552064762035","-0.056884950097068065","0.055007713523641255","0.13417275722104718","0.11699847358884843","0.011570960989931881","-0.13229552064762035","0.09857783368191375","-0.844267002008586","0.1769876683381527","0.33445514154929973","0.5291820825904814"
"MVZ19496","0.11526129667801487","0.21066336570928038","0.3147309165171064","0.35934442109559844","-0.13473870332198512","-0.03933663429071964","0.06473091651710638","0.1093444210955984","0.0910481800287409","0.021020179628870286","-0.13473870332198512","0.22689333456104344","-0.9644368822538613","0.16396992776441024","0.30423687426427737","0.5389548132879405"
"MVZ29155","0.13511757745908418","0.20524308984167472","0.3043703716135675","0.35526896108567363","-0.11488242254091582","-0.04475691015832525","0.05437037161356751","0.10526896108567359","0.09187170819107125","0.017051417686469294","-0.11488242254091582","0.1835121498874905","-0.8879623970585746","0.14808488315804996","0.3222531347328373","0.4595296901636633"
"MVZ3471","0.1307832471227936","0.20819937183444784","0.30461941910134555","0.35639796194141304","-0.1192167528772064","-0.04180062816555217","0.05461941910134554","0.10639796194141303","0.09075273159048497","0.01578315525129045","-0.1192167528772064","0.17219157920996808","-0.9129448756954958","0.15065789208470243","0.31593272012676044","0.47686701150882554"
"MVZ3472","0.12174403450136011","0.1951065869171304","0.30829978811419473","0.3748495904673148","-0.12825596549863988","-0.054893413082869595","0.05829978811419476","0.12484959046731475","0.11006966088330422","0.01649093181007091","-0.12825596549863988","0.14871652704945054","-0.8560692966358198","0.1698142331046438","0.3310065002521162","0.5130238619945595"
"MVZ3473","0.1152806909479722","0.18979666931667777","0.3078356488501181","0.3870869908852319","-0.13471930905202775","-0.06020333068332223","0.05783564885011808","0.1370869908852319","0.12081515475814203","0.013713500750636128","-0.13471930905202778","0.11302436833467462","-0.8365739726348819","0.18147631788618393","0.33676745962247123","0.538877236208111"
"MVZ3479","0.12359854170389498","0.20222614060015212","0.30582658636529697","0.36834873133065593","-0.12640145829610502","-0.04777385939984792","0.055826586365297005","0.11834873133065597","0.10172889550973425","0.01452337252757471","-0.12640145829610502","0.14180720391235907","-0.8881977290225076","0.16290188823518015","0.32219147316633423","0.5056058331844201"
"MVZ3667","0.12381218785893859","0.1867326209894956","0.30283526669526406","0.38661992445630167","-0.1261878121410614","-0.06326737901050439","0.05283526669526406","0.13661992445630172","0.12240547488863247","0.01142613421501211","-0.1261878121410614","0.09307687523970758","-0.7984438579274592","0.176173269137968","0.34902988281671254","0.5047512485642456"
"MVZ64599","0.10797537582104744","0.20300261183386623","0.3197712121750745","0.3692508001700119","-0.14202462417895256","-0.04699738816613373","0.06977121217507451","0.1192508001700118","0.10180580802141863","0.023790258464696748","-0.14202462417895256","0.22956325744486206","-0.9362314494434448","0.17635586981408852","0.3104318543942743","0.5680984967158103"
"MVZ90619","0.126307017856927","0.19219248950355125","0.30529501675103987","0.37620547588848186","-0.123692982143073","-0.05780751049644875","0.05529501675103989","0.12620547588848188","0.11268448067219701","0.014917148736449318","-0.123692982143073","0.13161453537010054","-0.8276101918540566","0.16798889053218571","0.3395279336419357","0.4947719285722921"
"MVZ10234","0.11431093353408171","0.18146066723026258","0.29883995327776086","0.4053884459578949","-0.13568906646591827","-0.06853933276973745","0.04883995327776089","0.15538844595789486","0.1371271992793891","0.0038292637178468075","-0.13568906646591827","0.02791764762844199","-0.7799319158413878","0.19295091293181926","0.3555019537633191","0.5427562658636731"
"MVZ10235","0.11685137164289218","0.18938990178978637","0.3067404344744768","0.3870182920928446","-0.13314862835710783","-0.060610098210213646","0.0567404344744768","0.13701829209284466","0.12102217873252294","0.013107169968061045","-0.13314862835710783","0.10788336435172846","-0.8301689432144324","0.18040710319474007","0.3387325604115197","0.5325945134284313"
"MVZ24483","0.12345320337125744","0.19288869367167008","0.30271206960423797","0.38094603335283456","-0.12654679662874255","-0.05711130632832993","0.052712069604237945","0.13094603335283456","0.1151611311510261","0.011168543784491518","-0.12654679662874257","0.09667953727840245","-0.8301379017743534","0.17146694793821424","0.3387421738561594","0.5061871865149703"
"MVZ5433","0.10726469875399565","0.17879141073276175","0.30672502525788214","0.4072188652553605","-0.14273530124600434","-0.07120858926723828","0.056725025257882165","0.15721886525536047","0.13988267670579413","0.009701425321362804","-0.14273530124600436","0.06924313813463073","-0.7942919957346553","0.20008659904509177","0.350450444456348","0.5709412049840173"
"MVZ5434","0.1304206803366927","0.20544537022619536","0.30188325606464494","0.3622506933724669","-0.11957931966330729","-0.044554629773804644","0.05188325606464496","0.11225069337246697","0.09602325766514849","0.012752829378223538","-0.11957931966330729","0.13203710567505736","-0.8899513570277292","0.15389059217806983","0.3217332909473203","0.4783172786532291"
"MVZ5435","0.11348674994070657","0.1883831992686775","0.30979242103227816","0.38833762975833774","-0.13651325005929343","-0.06161680073132246","0.05979242103227816","0.13833762975833774","0.12244658162711866","0.015154717143856912","-0.13651325005929343","0.12313974309451729","-0.8358850906639441","0.184007332043123","0.33697705527339084","0.5460530002371737"
"MVZ5436","0.11220801559726529","0.19907764192366803","0.31374300196429805","0.3749713405147686","-0.13779198440273469","-0.050922358076331956","0.06374300196429807","0.1249713405147686","0.10771245262977418","0.018892840131051504","-0.1377919844027347","0.17363443806292736","-0.899947355640652","0.1759134526560783","0.31916488723669734","0.5511679376109387"
"MVZ78852","0.12127155153863443","0.19206440496637336","0.30414722244206743","0.3825168210529248","-0.12872844846136555","-0.05793559503362668","0.054147222442067454","0.1325168210529248","0.11662780992307042","0.011919422837476166","-0.12872844846136555","0.10184690727830731","-0.8320911448015579","0.174112412341857","0.3381389553415465","0.5149137938454622"
"MVZ82391","0.11758930567644063","0.1946999491672407","0.3077148404999337","0.379995904656385","-0.13241069432355937","-0.05530005083275928","0.05771484049993371","0.12999590465638497","0.1134701355874668","0.014401582710000697","-0.13241069432355937","0.12624460044836688","-0.858327500134118","0.17497276709830636","0.33035996071197643","0.5296427772942375"
"MVZ63384","0.10832835580259843","0.19373908062571002","0.31846569402495195","0.3794668695467395","-0.14167164419740158","-0.05626091937429","0.06846569402495198","0.12946686954673964","0.11373457847796531","0.022530344628614998","-0.14167164419740158","0.19556394923585402","-0.8849335378864636","0.18306836302387083","0.32305046655770464","0.5666865767896063"
"MVZ63386","0.10887213917150677","0.19798968496556676","0.3169987712426796","0.3761394046202468","-0.1411278608284932","-0.05201031503443318","0.06699877124267963","0.1261394046202468","0.10909397774345934","0.02116669451220806","-0.1411278608284932","0.19164148520237537","-0.9037666939644813","0.17962905677670885","0.3182026846474427","0.5645114433139728"
"MVZ102726","0.12613417334858656","0.21409448600927738","0.30793869453655587","0.3518326461055801","-0.12386582665141344","-0.03590551399072259","0.05793869453655588","0.10183264610558018","0.08434705258643023","0.017660082708596026","-0.12386582665141344","0.20639259253314063","-0.9629482341453008","0.1508941576514163","0.304551630039306","0.49546330660565374"
"MVZ102727","0.12705652292956457","0.20476872241400224","0.3043686443663575","0.36380611029007565","-0.12294347707043543","-0.045231277585997716","0.05436864436635752","0.11380611029007566","0.09739011258036791","0.014199572503477906","-0.12294347707043543","0.1447808048966769","-0.8957328775137521","0.15748511181018648","0.3202388519562568","0.4917739082817417"
"MVZ140817","0.10996604105401138","0.19763907416605167","0.31605370788518533","0.3763411768947517","-0.14003395894598863","-0.05236092583394836","0.06605370788518537","0.12634117689475163","0.10943224191193411","0.02055105616864125","-0.14003395894598863","0.18563493103584133","-0.8990318114190762","0.17890576049307508","0.31939709810332395","0.5601358357839545"
"MVZ162726","0.12635060861455621","0.20756226887599327","0.30501211082457047","0.36107501168488","-0.12364939138544379","-0.042437731124006756","0.055012110824570484","0.11107501168488007","0.09400697222422005","0.014632493348041094","-0.12364939138544379","0.15441418783087763","-0.9149785759292371","0.156014719428445","0.3154377018769769","0.4945975655417751"
"MVZ162727","0.1256015247521169","0.19452590784767143","0.30084223598487786","0.3790303314153339","-0.12439847524788311","-0.05547409215232854","0.05084223598487785","0.12903033141533385","0.11298542325677796","0.009944832044868226","-0.12439847524788311","0.08779246590629007","-0.8315188170692169","0.16834365505391669","0.33831535056693024","0.4975939009915325"
"MVZ162729","0.13071700198396116","0.21420410230775191","0.305659422053736","0.3494194736545509","-0.11928299801603884","-0.03579589769224812","0.05565942205373597","0.09941947365455098","0.08280216629515069","0.01686282376797989","-0.11928299801603884","0.20090458464324543","-0.9544453940069414","0.1461813503299722","0.30637507599850194","0.4771319920641553"
"MVZ162730","0.11562841774236077","0.20258369127160572","0.31198226615429214","0.36980562483174123","-0.1343715822576392","-0.04741630872839429","0.061982266154292136","0.11980562483174137","0.10240210275598062","0.018234592559942767","-0.13437158225763923","0.17622146205005337","-0.9120678871448676","0.16992472784469903","0.31614706954721183","0.5374863290305568"
"MVZ19502","0.12199635271986418","0.20909895952500285","0.3096852518574399","0.3592194358976932","-0.1280036472801358","-0.04090104047499716","0.059685251857439905","0.10921943589769308","0.09192964176415727","0.01804964598363659","-0.1280036472801358","0.1938757514911892","-0.9389854603048318","0.15862465909195303","0.30980495958994664","0.5120145891205432"
"MVZ22501","0.1340485666164913","0.19819400403532283","0.30130426791068515","0.3664531614375007","-0.11595143338350869","-0.05180599596467715","0.05130426791068515","0.11645316143750072","0.10303727004649373","0.013421371198295656","-0.11595143338350869","0.1295281589741499","-0.840122737967144","0.15569697211945635","0.33569436697796035","0.46380573353403476"
"MVZ22502","0.11601806171476829","0.20326568062005126","0.31238731536831393","0.36832894229686647","-0.1339819382852317","-0.04673431937994874","0.062387315368313954","0.1183289422968665","0.10108019159692366","0.018801972076435334","-0.1339819382852317","0.1839086025838259","-0.9162694545024797","0.1688842179539032","0.31512497153603025","0.5359277531409268"
"MVZ24550","0.14165386004397684","0.20942178709527554","0.2997373484855609","0.3491870043751867","-0.10834613995602316","-0.04057821290472446","0.049737348485560884","0.09918700437518674","0.08558836653125117","0.01444827944942248","-0.10834613995602316","0.16723457411797818","-0.8953668920383766","0.1388272570783798","0.32033272513152916","0.43338455982409263"
"MVZ29153","0.1285118342489626","0.2067664182225144","0.30383333765067033","0.36088840987785265","-0.12148816575103741","-0.0432335817774856","0.053833337650670346","0.11088840987785266","0.0943800594242664","0.014146324241804202","-0.12148816575103741","0.14877922792597112","-0.9049321571306959","0.15448976834740175","0.31791114672023624","0.4859526630041497"
"MVZ29166","0.12524003218364768","0.2061844441138896","0.30568554873399584","0.3628899749684669","-0.12475996781635232","-0.043815555886110434","0.05568554873399587","0.1128899749684669","0.09596214761641998","0.014954134054074579","-0.12475996781635232","0.15459031237638254","-0.9093297554076689","0.15810569082104564","0.31681975714713734","0.4990398712654093"
"MVZ29169","0.12035344135604913","0.20599281894948682","0.3115010932679623","0.3621526464265018","-0.12964655864395086","-0.044007181050513156","0.06150109326796237","0.11215264642650169","0.09562797390993463","0.019394779762925213","-0.12964655864395086","0.20010074153599314","-0.9256188683099688","0.16226243263426968","0.3128938290600755","0.5185862345758034"
"MVZ29170","0.12532234668246853","0.2066186892437566","0.308694428873998","0.3593645351997768","-0.12467765331753149","-0.04338131075624342","0.05869442887399802","0.1093645351997769","0.09353734573050276","0.018174635950387246","-0.12467765331753147","0.19191222762487234","-0.9182283646493372","0.15692058397483513","0.3146525856866802","0.49871061327012595"
"MVZ29172","0.11858950099168633","0.20201731745737692","0.3087420896595137","0.37065109189142303","-0.13141049900831367","-0.04798268254262303","0.05874208965951375","0.12065109189142298","0.10326667519075199","0.015844767425022166","-0.13141049900831367","0.15224808304808118","-0.8990937447196009","0.16788026122602775","0.31938137076742784","0.5256419960332547"
"MVZ29173","0.11861468398579474","0.20746709449421596","0.3108969225584229","0.36302129896156643","-0.13138531601420528","-0.04253290550578406","0.06089692255842292","0.11302129896156643","0.09525710707239304","0.018139216390688287","-0.13138531601420528","0.18817090892006386","-0.934987855174966","0.16329436268047393","0.31071653902103236","0.5255412640568211"
"MVZ29177","0.12183534876091788","0.21063819455461708","0.3099817069318258","0.35754474975263917","-0.1281646512390821","-0.039361805445382946","0.059981706931825814","0.10754474975263928","0.0899615250262915","0.018307160578175347","-0.1281646512390821","0.200758563920076","-0.9492089538776021","0.15765280188035583","0.3075200540012114","0.5126586049563284"
"MVZ82393","0.11795111751131192","0.20739506211439968","0.31245521559015405","0.3621986047841344","-0.13204888248868807","-0.04260493788560032","0.062455215590154024","0.11219860478413438","0.09479742247900327","0.019557429568470095","-0.13204888248868807","0.20345314643098708","-0.9382544709099147","0.16372523240630826","0.309970878436502","0.5281955299547523"
"MVZ82394","0.12347888095789905","0.2048818435042985","0.3060558123048825","0.36558346323291996","-0.12652111904210095","-0.045118156495701514","0.05605581230488252","0.11558346323291996","0.09840924229347527","0.014724196889564098","-0.12652111904210095","0.14852033680290358","-0.9043618928062472","0.16096202815100227","0.31805367627486925","0.5060844761684038"
"MVZ139540","0.11533712617387758","0.19478846092374058","0.31238688556222355","0.3774875273401582","-0.1346628738261224","-0.05521153907625943","0.062386885562223535","0.1274875273401583","0.11187987230076943","0.018560769128976258","-0.1346628738261224","0.16440175431811027","-0.8708655941901106","0.17605595009486558","0.32684574651620424","0.5386514953044895"
"MVZ139544","0.10891263172358495","0.18376996092078599","0.305932430571522","0.40138497678410706","-0.14108736827641505","-0.06623003907921396","0.05593243057152197","0.15138497678410703","0.13326143730820086","0.009443383994044994","-0.14108736827641505","0.07074532980074243","-0.8126655864504341","0.19430242834784978","0.3442945153799613","0.5643494731056602"
"MVZ139545","0.11615752599473614","0.19316318299569832","0.3051568118469696","0.38552247916259597","-0.13384247400526386","-0.05683681700430166","0.05515681184696958","0.13552247916259597","0.11779553072245177","0.01118217303848087","-0.13384247400526386","0.09464505329930407","-0.8468566501365006","0.17864667895008948","0.3336883158313846","0.5353698960210554"
"MVZ139546","0.10934414837373582","0.18351873843727018","0.312316051056575","0.39482106213241897","-0.14065585162626418","-0.06648126156272978","0.062316051056575006","0.14482106213241897","0.12939571862937946","0.016366800169056818","-0.14065585162626418","0.12581826986433806","-0.82311472004833","0.19182073074643682","0.34093983387218496","0.5626234065050567"
"MVZ143776","0.15117356155417394","0.212709933983357","0.2918198077237258","0.34429669673874325","-0.09882643844582606","-0.03729006601664297","0.04181980772372582","0.09429669673874323","0.08058010641384052","0.009416182051266844","-0.09882643844582606","0.1163273502496091","-0.8834299977314403","0.12786118633101723","0.3234488370263065","0.3953057537833043"
"MVZ152933","0.1275998233570206","0.19232021631361818","0.2980258077112173","0.38205415261814385","-0.12240017664297939","-0.05767978368638183","0.04802580771121732","0.1320541526181439","0.11618783270895316","0.007664063995503412","-0.12240017664297939","0.0658672865959042","-0.810346237117262","0.1689383129688568","0.34505324584134645","0.4896007065719176"
"MVZ152934","0.1229698013130802","0.1997697305368023","0.30645725207874935","0.37080321607136807","-0.12703019868691978","-0.050230269463197676","0.05645725207874935","0.12080321607136814","0.1047361921223435","0.014970001234565215","-0.12703019868691978","0.14196898996054783","-0.8763270148088134","0.16531921320793191","0.3253541577451589","0.5081207947476791"
"MVZ102593","0.13499714923067785","0.21802783699343867","0.3048213154082682","0.3421536983676153","-0.11500285076932215","-0.03197216300656137","0.05482131540826819","0.09215369836761535","0.07601125606254312","0.01748713800074336","-0.11500285076932215","0.22612522816514308","-0.9748400444573652","0.13895742775661013","0.3020738764888036","0.46001140307728855"
"MVZ102594","0.13001000220210446","0.2124161301346124","0.30860712074353214","0.34896674691975094","-0.11998999779789554","-0.03758386986538758","0.05860712074353215","0.09896674691975099","0.08361983379647835","0.0197393681966301","-0.11998999779789554","0.23181704363919237","-0.9493836583019655","0.14757885631922946","0.30748157977259705","0.47995999119158217"
"MVZ102596","0.12651793166971131","0.2132666781976228","0.3091813638617029","0.3510340262709629","-0.12348206833028869","-0.036733321802377206","0.05918136386170294","0.10103402627096299","0.08436492649902164","0.019113811624074047","-0.12348206833028869","0.22279983423367758","-0.9597138650547851","0.1507667065937039","0.30524008188467194","0.49392827332115474"
"MVZ102600","0.1129652835796155","0.20710689676097555","0.317441420503429","0.36248639915597997","-0.1370347164203845","-0.04289310323902441","0.06744142050342898","0.11248639915597995","0.09515012433882938","0.023083340036827427","-0.1370347164203845","0.238001127198665","-0.9504108072476523","0.16841882392822272","0.30725576030595136","0.548138865681538"
"MVZ102601","0.11852480543723892","0.21079654674184176","0.312904270252181","0.3577743775687383","-0.13147519456276108","-0.03920345325815822","0.06290427025218101","0.10777437756873831","0.09000517225675105","0.02023655327478807","-0.13147519456276108","0.2211599295454617","-0.9589509676602674","0.1606118797185521","0.3054033885492414","0.5259007782510442"
"MVZ102604","0.1411207113675952","0.21515149752828988","0.3053812555164812","0.3383465355876336","-0.10887928863240481","-0.03484850247171011","0.05538125551648121","0.08834653558763372","0.07544124552203649","0.02024605032812272","-0.10887928863240481","0.2621905219091965","-0.9484833782088387","0.1339999387048501","0.3076800472981986","0.43551715452961925"
"MVZ102608","0.13394040147356612","0.22134731746797862","0.3063747818468399","0.3383374992116154","-0.11605959852643388","-0.02865268253202135","0.05637478184683994","0.08833749921161532","0.07164156254684446","0.018761221227804378","-0.11605959852643388","0.25612466781479043","-1.0028336716548167","0.13767471560249928","0.2965603822314238","0.46423839410573553"
"MVZ102610","0.11780563621675973","0.20786616406468097","0.31672785568922274","0.35760034402933655","-0.1321943637832403","-0.04213383593531902","0.06672785568922272","0.1076003440293366","0.09169308449186861","0.02403781334494482","-0.1321943637832403","0.25638567368117304","-0.9487109197864562","0.16266772276667255","0.307629837822359","0.5287774551329611"
"MVZ102612","0.11832655834807841","0.1973533595585819","0.31434867093824087","0.36997141115509874","-0.13167344165192157","-0.052646640441418084","0.06434867093824091","0.11997141115509877","0.10570653670122136","0.0216984806240353","-0.13167344165192157","0.20245860025157725","-0.8842586083043685","0.17024274198690612","0.3232290806921839","0.5266937666076863"
"MVZ102614","0.12105580796514681","0.20370878457036434","0.31559042222027156","0.3596449852442173","-0.1289441920348532","-0.046291215429635685","0.06559042222027156","0.1096449852442173","0.09549103101979552","0.023980492208031688","-0.1289441920348532","0.24604023072294237","-0.918675800546277","0.16223503219491195","0.31454505556764506","0.5157767681394126"
"MVZ102623","0.14004130982086901","0.21601373762532763","0.3007243424785617","0.3432206100752417","-0.10995869017913099","-0.033986262374672366","0.050724342478561724","0.09322061007524164","0.07789798231939812","0.014925022068702689","-0.10995869017913099","0.18930288014215058","-0.9459075408927594","0.13557936966623882","0.3082506927041642","0.43983476071652394"
"MVZ158333","0.13244989078881939","0.21415651772163705","0.30614772837044607","0.3472458631190975","-0.11755010921118059","-0.03584348227836294","0.05614772837044605","0.09724586311909751","0.08150024660620177","0.017993419542221525","-0.11755010921118061","0.21729177663326626","-0.9533773786454676","0.14416685305317095","0.3066072290800108","0.4702004368447224"
"MVZ42658","0.12019263587283756","0.2068825509329895","0.3137503695313261","0.3591744436628469","-0.12980736412716243","-0.043117449067010524","0.06375036953132612","0.10917444366284684","0.09325935728770542","0.021723644186989455","-0.12980736412716243","0.22885693903426957","-0.9352278990534539","0.16130460694016321","0.31066150989350905","0.5192294565086497"
"MVZ42659","0.12578828353768678","0.21748256486326617","0.30994671135094964","0.34678244024809735","-0.12421171646231323","-0.032517435136733795","0.05994671135094965","0.09678244024809739","0.0791796796245718","0.019667615652472412","-0.12421171646231322","0.2434648780112975","-0.9896359034986904","0.14860951274200887","0.2991052635262031","0.4968468658492529"
"MVZ82368","0.1185819304100434","0.21855464617030687","0.3149590195100528","0.347904403909597","-0.1314180695899566","-0.03144535382969313","0.06495901951005278","0.09790440390959697","0.07921022620347004","0.02243614070342939","-0.1314180695899566","0.276018055421104","-1.0111573120711141","0.15507530222320912","0.29500376680898316","0.5256722783598264"
"MVZ102618","0.12678960504353157","0.19916033007630735","0.3102872348106179","0.3637628300695433","-0.12321039495646843","-0.050839669923692675","0.060287234810617894","0.1137628300695432","0.10079803384247484","0.02038281593716458","-0.12321039495646843","0.19952390015303806","-0.8752782515789099","0.1604883305333007","0.32563877948366887","0.49284157982587373"
"MVZ158332","0.1295978271781973","0.20926089067768106","0.30692302286420187","0.3542182592799198","-0.12040217282180271","-0.040739109322318924","0.056923022864201867","0.10421825927991979","0.08876789688300601","0.01780738677342536","-0.12040217282180271","0.19797833636252266","-0.926048376679114","0.150643704684071","0.3127927452501756","0.4816086912872109"
"MVZ158334","0.14001939431709742","0.22268298805484368","0.30713067514422443","0.3301669424838344","-0.10998060568290256","-0.027317011945156327","0.05713067514422442","0.08016694248383448","0.0658202109718969","0.02171221567367817","-0.10998060568290258","0.31863172951070107","-1.0084722809378295","0.12999790039928888","0.2955018741533858","0.43992242273161025"
"MVZ158335","0.1351381297259853","0.2170840035866786","0.30487186405564964","0.3429060026316865","-0.1148618702740147","-0.03291599641332144","0.05487186405564967","0.09290600263168651","0.07704992401930544","0.01759059706988171","-0.1148618702740147","0.224454427674125","-0.9681256282004325","0.13942513811899293","0.3034626238158495","0.4594474810960589"
"MVZ158337","0.1284951521807991","0.216646648889059","0.30897049892955414","0.34588770000058777","-0.12150484781920091","-0.033353351110941","0.058970498929554166","0.09588770000058776","0.07914365726105155","0.019589208604564454","-0.1215048478192009","0.2426380740514173","-0.9797873662747936","0.14632458310883756","0.30106737660082583","0.4860193912768036"
"MVZ59518","0.13561929367151454","0.20938701438870197","0.2999700274504456","0.35502366448933786","-0.11438070632848545","-0.04061298561129801","0.04997002745044562","0.10502366448933785","0.08918387014870256","0.012561531358542473","-0.11438070632848546","0.13992932007913303","-0.9037813426361637","0.14558331204150948","0.3181990143149984","0.4575228253139418"
"MVZ59534","0.13683112395411934","0.21230722859475096","0.30117152236346406","0.3496901250876656","-0.11316887604588066","-0.03769277140524902","0.05117152236346405","0.09969012508766567","0.08412949894830941","0.014264355864615708","-0.11316887604588066","0.16795506734206272","-0.9247351959249297","0.14173369023282323","0.31310218671642964","0.45267550418352265"
"MVZ59535","0.1384662766758499","0.20235743763960162","0.2954703325308435","0.3637059531537051","-0.11153372332415008","-0.047642562360398384","0.0454703325308435","0.11370595315370498","0.09880538344127217","0.008795444666304697","-0.1115337233241501","0.08878384927494065","-0.8438785868777221","0.14926364286859312","0.3345706536551028","0.44613489329660033"
"MVZ59538","0.13858947158642043","0.2026607026139694","0.2954888177099531","0.36326100808965694","-0.11141052841357957","-0.047339297386030633","0.04548881770995314","0.11326100808965706","0.09834720023763549","0.00885860713789054","-0.11141052841357957","0.08983240037853778","-0.8455909355920176","0.1488722692659653","0.3340623893132429","0.4456421136543183"
"MVZ59539","0.14334334260547402","0.214137749043392","0.2984202348233277","0.3440986735278063","-0.106656657394526","-0.03586225095660797","0.0484202348233277","0.09409867352780628","0.07958448787179799","0.013648591734150206","-0.10665665739452598","0.16984585677372968","-0.9227869136733177","0.13377450180327777","0.3135634124282606","0.426626629578104"
"MVZ59541","0.1411656393124815","0.2142454407400557","0.2964063493399789","0.3481825706074839","-0.1088343606875185","-0.035754559259944294","0.04640634933997889","0.09818257060748392","0.08201940644702096","0.010742609228492938","-0.1088343606875185","0.13023508865969333","-0.9208920100149667","0.13670224853022206","0.314014452022916","0.435337442750074"
"MVZ59542","0.1406687583691798","0.20933547025547658","0.29655341100034577","0.3534423603749979","-0.1093312416308202","-0.040664529744523364","0.04655341100034576","0.10344236037499782","0.08824708730303743","0.010722917732214378","-0.1093312416308202","0.12091738179389733","-0.8881243064382094","0.14091078659456321","0.3222107068681657","0.4373249665232808"
"MVZ59543","0.14520287239797672","0.21679581394049627","0.29825884696047933","0.33974246670104763","-0.10479712760202328","-0.033204186059503725","0.04825884696047934","0.08974246670104769","0.07528914121162392","0.014134857118866822","-0.10479712760202328","0.1855807351479119","-0.9395802239261626","0.12981019576207942","0.30967021408984974","0.4191885104080932"
"MVZ59545","0.13075310743472182","0.21397302970317156","0.30343316601496506","0.3518406968471416","-0.11924689256527818","-0.036026970296828456","0.05343316601496508","0.10184069684714157","0.08442635913264997","0.014514287860006601","-0.11924689256527818","0.17025227668485216","-0.9478392646229111","0.14682743631540163","0.30782235318003215","0.47698757026111266"
"MVZ59552","0.13937112701242194","0.2133457517695717","0.29763856502604635","0.34964455619196","-0.11062887298757806","-0.03665424823042831","0.04763856502604635","0.09964455619196","0.08346563084656264","0.011415115421599651","-0.11062887298757806","0.1359210050495637","-0.9199830901268304","0.13905237837306053","0.3142316617215155","0.4425154919503122"
"MVZ59558","0.14646112439978712","0.21125819337749158","0.2943148541764461","0.3479658280462752","-0.10353887560021288","-0.03874180662250844","0.044314854176446115","0.09796582804627522","0.08371598722033387","0.010396480316516597","-0.10353887560021288","0.12355492828000825","-0.8871214716706313","0.13355430386102568","0.3224738125820228","0.4141555024008515"
"MVZ59559","0.14938793863889138","0.21061834952082625","0.29406658166737765","0.34592713017290466","-0.10061206136110862","-0.03938165047917371","0.04406658166737765","0.0959271301729047","0.08285936757894127","0.011167932652271836","-0.10061206136110862","0.1339744028921524","-0.8774368329393775","0.1308173704316031","0.32505389677407576","0.40244824544443447"
"MVZ59560","0.13644285478905405","0.21545796128627331","0.30187303979810826","0.3462261441265644","-0.11355714521094595","-0.034542038713726686","0.0518730397981083","0.09622614412656438","0.08007883063742204","0.014871153587580345","-0.11355714521094595","0.1836147303170061","-0.948591995956451","0.1397461826088362","0.3076560756023784","0.4542285808437838"
"MVZ59563","0.1276507569228328","0.2074499054471475","0.3039893219464596","0.3609100156835601","-0.12234924307716721","-0.042550094552852566","0.05398932194645964","0.11091001568356014","0.09397474148761714","0.01400733376355485","-0.12234924307716721","0.1479648718277074","-0.9105052126107429","0.15490898850093834","0.3165303368555278","0.4893969723086688"
"MVZ73374","0.12084709448725067","0.2034374442239908","0.3090300682115998","0.3666853930771588","-0.12915290551274933","-0.04656255577600919","0.059030068211599784","0.11668539307715875","0.09996854406155693","0.01694839464048473","-0.12915290551274933","0.16794039584671772","-0.9052208459917229","0.16419936322977083","0.31783908108354925","0.5166116220509973"
"MVZ82371","0.12105447933869029","0.20362795848525753","0.309477773263907","0.3658397889121452","-0.1289455206613097","-0.04637204151474248","0.05947777326390702","0.1158397889121452","0.0993340536971864","0.017496579175555794","-0.1289455206613097","0.17435039497871785","-0.9069939982636713","0.1637080688462797","0.31739774287367034","0.5157820826452388"
"MVZ120124","0.11429965643828924","0.1965182745161768","0.3138534951064589","0.37532857393907504","-0.13570034356171073","-0.053481725483823274","0.0638534951064589","0.12532857393907518","0.10949849858509458","0.019749542517443684","-0.13570034356171076","0.1784450971646079","-0.8840182818882811","0.17548375669789104","0.32329276421118364","0.5428013742468429"
"MVZ120125","0.12448212320448766","0.20113627637711537","0.3079736886568573","0.3664079117615397","-0.12551787679551232","-0.04886372362288458","0.05797368865685731","0.11640791176153963","0.10120779391178712","0.01711311164836995","-0.12551787679551235","0.16750448744663513","-0.8853151629897877","0.16214380510532544","0.32294962527425936","0.5020715071820493"
"MVZ120127","0.11712967837226461","0.19175065260567198","0.3078896149094269","0.3832300541126365","-0.13287032162773535","-0.05824934739432802","0.0578896149094269","0.13323005411263647","0.11725670748639284","0.014424456173395798","-0.13287032162773538","0.12240108537081416","-0.844012558947042","0.17779685811595647","0.3345307965274827","0.5314812865109414"
"MVZ120131","0.12476398670844971","0.19773099113785605","0.30667751995468134","0.370827502199013","-0.1252360132915503","-0.05226900886214392","0.056677519954681344","0.12082750219901288","0.10599953208896461","0.01583797092757464","-0.1252360132915503","0.14831824058457546","-0.8629481901049859","0.1648356792425217","0.32905007695107463","0.5009440531662012"
"MVZ120132","0.1294961947152965","0.20421504423070483","0.30991082116245317","0.3563779398915454","-0.1205038052847035","-0.045784955769295185","0.05991082116245318","0.10637793989154552","0.09318036303835407","0.02094049292783914","-0.1205038052847035","0.22105815213083477","-0.9006193089492317","0.15376037001813594","0.31899484347166496","0.482015221138814"
"MVZ120133","0.13521219889355202","0.2039259450479063","0.30503652836943995","0.35582532768910174","-0.11478780110644798","-0.04607405495209372","0.05503652836943996","0.10582532768910173","0.09301899492867634","0.01779143735456416","-0.11478780110644798","0.1889842393755686","-0.880969166567317","0.14881299655452127","0.3241045544912045","0.45915120442579194"
"MVZ174004","0.12399200205436733","0.1869443305401252","0.3075882364910114","0.38147543091449604","-0.12600799794563267","-0.06305566945987484","0.05758823649101142","0.13147543091449607","0.1191254837548366","0.016530993893504434","-0.12600799794563267","0.13788897528681585","-0.8087052151390368","0.17419004043055242","0.3455932227923111","0.5040319917825307"
"MVZ174005","0.1395620334624889","0.2069088918136516","0.30161903242389093","0.35191004229996864","-0.11043796653751108","-0.04309110818634842","0.05161903242389092","0.10191004229996857","0.08879470770199838","0.015704534278268744","-0.11043796653751109","0.17505312576730309","-0.8860740246043707","0.14257516251339525","0.3227494288953802","0.4417518661500443"
"MVZ174006","0.12947497851236878","0.2043009120255656","0.30525185482950945","0.3609722546325561","-0.12052502148763122","-0.04569908797443438","0.055251854829509464","0.11097225463255618","0.09594121167597311","0.015991411836342045","-0.12052502148763122","0.16516094730552644","-0.8917960761630418","0.15487647385890263","0.32125377773692554","0.4821000859505249"
"MVZ176999","0.12163975571719267","0.19470330743725062","0.3099334560732602","0.37372348077229656","-0.12836024428280732","-0.05529669256274939","0.05993345607326023","0.1237234807722965","0.10962701958386536","0.018186830230455128","-0.12836024428280735","0.16440004379622342","-0.8572405995311808","0.16977984724052078","0.33067062194595176","0.5134409771312293"
"MVZ177000","0.10946585862697217","0.1775839549951122","0.3087157247966745","0.40423446158124116","-0.14053414137302783","-0.0724160450048878","0.058715724796674466","0.15423446158124118","0.1387945227698335","0.012591108572468975","-0.14053414137302783","0.09046998100387801","-0.789577049155469","0.19791993446200337","0.3520851455175101","0.5621365654921114"
"MVZ177001","0.11000279081505335","0.18719067037162468","0.3094366042657138","0.39336993454760827","-0.13999720918494662","-0.06280932962837531","0.05943660426571382","0.14336993454760816","0.12625849819341367","0.013545550909547567","-0.13999720918494665","0.10687547925296172","-0.8341054546232077","0.1890076953329496","0.337520469931755","0.5599888367397866"
"MVZ177002","0.11872958965486334","0.20434377628925665","0.31189512864536373","0.3650315054105163","-0.13127041034513665","-0.045656223710743314","0.06189512864536372","0.11503150541051627","0.09840073606841179","0.019238599119232203","-0.13127041034513665","0.19307720270795597","-0.9185241813916448","0.1651809589119046","0.3145814781823455","0.5250816413805467"
"MVZ177003","0.11858724459058627","0.19661621711225832","0.3104102356268483","0.37438630267030715","-0.13141275540941372","-0.05338378288774169","0.06041023562684827","0.12438630267030715","0.10886150028703215","0.017613305655029547","-0.13141275540941372","0.16040549551836905","-0.872625429401057","0.1715528113005887","0.32636255659909014","0.5256510216376549"
"MVZ177004","0.11330051993657131","0.1887316223525226","0.3106594113340883","0.3873084463768177","-0.1366994800634287","-0.06126837764747736","0.06065941133408831","0.13730844637681777","0.12160297340049278","0.016008456976914078","-0.1366994800634287","0.13089259518827215","-0.8395084870403138","0.1836581108588303","0.3358793149279221","0.5467979202537148"
"MVZ177005","0.11711734897683226","0.1910258427596842","0.3097612578891117","0.3820955503743719","-0.13288265102316774","-0.05897415724031578","0.05976125788911168","0.13209555037437185","0.11700582223968956","0.01640527423817969","-0.13288265102316774","0.13930095907893325","-0.8440178110761087","0.1778125260035431","0.33452923431769505","0.5315306040926709"
"MVZ177006","0.11303395498629148","0.19997320844220004","0.3136456995553224","0.373347137016186","-0.13696604501370852","-0.05002679155779995","0.06364569955532239","0.12334713701618609","0.10616941492700056","0.01908164901264755","-0.13696604501370852","0.17782975765260256","-0.903679864385977","0.1743437738540746","0.31822444357764923","0.5478641800548341"
"MVZ177009","0.11666486950753821","0.197087345421731","0.3106836070898765","0.3755641779808543","-0.13333513049246176","-0.05291265457826899","0.06068360708987652","0.12556417798085426","0.10929429266950078","0.017223597649361145","-0.1333351304924618","0.15630373580090284","-0.8781397952081517","0.1732632440812401","0.32486420390730353","0.5333405219698472"
"MVZ177010","0.11858163016332401","0.19003388050157716","0.3091545818166393","0.38222990751845953","-0.13141836983667596","-0.05996611949842284","0.05915458181663931","0.13222990751845953","0.11769554919538298","0.016279498669202534","-0.13141836983667599","0.13744660980345064","-0.8357175181232164","0.17716673589546297","0.3370281036731055","0.5256734793467038"
"MVZ58402","0.13344093331268025","0.20120199206839257","0.3090731355984484","0.35628393902047883","-0.11655906668731975","-0.04879800793160744","0.059073135598448415","0.1062839390204788","0.09496790958749503","0.021446668919733552","-0.11655906668731975","0.22210496795503404","-0.8749103091940351","0.15187125957925796","0.32573883760296907","0.466236266749279"
"MVZ132294","0.13374537154023622","0.21042822828549068","0.3047567523217014","0.35106964785257166","-0.11625462845976378","-0.03957177171450933","0.054756752321701414","0.1010696478525717","0.08612492866000757","0.016976088259530158","-0.11625462845976378","0.19461521552099778","-0.9240490891217403","0.14567370918461736","0.31326432141804067","0.4650185138390551"
"MVZ132295","0.1306077168925774","0.21453265289741086","0.3070789975526364","0.34778063265737535","-0.11939228310742257","-0.03546734710258909","0.057078997552636394","0.09778063265737533","0.08159738991715336","0.018329872845898005","-0.11939228310742259","0.22096983981592513","-0.9597542500937627","0.14576911725547936","0.3052314468354801","0.4775691324296903"
"MVZ162686","0.12919398908187826","0.20899713449304463","0.3039455773647714","0.35786329906030573","-0.12080601091812174","-0.04100286550695537","0.05394557736477139","0.10786329906030574","0.09116153578874464","0.014506550590330064","-0.12080601091812174","0.15780702807093763","-0.9183286622283","0.15203604142222898","0.31462846978134623","0.48322404367248695"
"MVZ162687","0.12620984094697787","0.20854471602688177","0.30879721886628925","0.3564482241598511","-0.12379015905302213","-0.04145528397311824","0.058797218866289226","0.10644822415985114","0.09057203152333922","0.018597437807617464","-0.12379015905302213","0.2025182610469954","-0.9292677312593272","0.15450942063720732","0.3120389815700686","0.4951606362120885"
"MVZ162689","0.12800714739960106","0.2097992171515245","0.30169902507712915","0.3604946103717453","-0.12199285260039892","-0.04020078284847552","0.05169902507712913","0.11049461037174534","0.09228170499440212","0.01170411015414055","-0.12199285260039894","0.12615666240944975","-0.9193357836502097","0.15341171844665838","0.3143866939261914","0.48797141040159564"
"MVZ162691","0.1264354401483751","0.21289956567177798","0.3073501161899042","0.35331487798994266","-0.1235645598516249","-0.03710043432822207","0.057350116189904245","0.10331487798994272","0.08598646681326023","0.017142314996869037","-0.1235645598516249","0.19678069207589943","-0.9536717269130732","0.15151149094971503","0.3065431769668595","0.4942582394064996"
"MVZ165396","0.12832826548809345","0.21229832099429635","0.3101165507454153","0.349256862772195","-0.12167173451190655","-0.037701679005703634","0.06011655074541527","0.09925686277219492","0.08386963581787597","0.020745776764393285","-0.12167173451190655","0.2424899870870822","-0.9533334767288534","0.14922638521694834","0.3066167869957203","0.4866869380476262"
"MVZ165398","0.1305492367338967","0.2048046517618072","0.3027015217844476","0.36194458971984844","-0.11945076326610328","-0.04519534823819283","0.0527015217844476","0.11194458971984853","0.09622816655245181","0.0136661827872649","-0.1194507632661033","0.1410751179833697","-0.8877741876497819","0.15399710852764734","0.3223024791071957","0.4778030530644131"
"MVZ165400","0.13303738112660152","0.2168364184996754","0.3068988335471125","0.34322736682661065","-0.11696261887339848","-0.033163581500324606","0.056898833547112504","0.09322736682661062","0.07739833287686661","0.01899779608879292","-0.11696261887339848","0.24069632011190925","-0.9726778109111471","0.14153329079080115","0.302518215123069","0.46785047549359393"
"MVZ165401","0.1255326465667185","0.2079476393057208","0.30945830293697485","0.3570614111905858","-0.1244673534332815","-0.04205236069427917","0.059458302936974856","0.10706141119058583","0.09131316368492189","0.01905919898236037","-0.1244673534332815","0.20576925339061225","-0.9276526998910244","0.15554249901131187","0.31241625759859926","0.49786941373312593"
"MVZ165402","0.13587443120738638","0.21214357406622372","0.30074553170365353","0.3512364630227364","-0.11412556879261362","-0.03785642593377626","0.05074553170365354","0.10123646302273638","0.08517665119826429","0.013474282573841045","-0.11412556879261362","0.1568920996281182","-0.9237066225029286","0.1430428734766891","0.3133453681545792","0.45650227517045455"
"MVZ180084","0.13398133669657888","0.20677942457155893","0.30270551569702336","0.3565337230348388","-0.11601866330342112","-0.043220575428441065","0.0527055156970234","0.1065337230348388","0.09170540450587365","0.014883849549924924","-0.11601866330342112","0.16089770671117473","-0.8955801772927889","0.14863290492930328","0.32027800678194945","0.4640746532136845"
"MVZ180088","0.13531958141367192","0.20279195530701732","0.3026350054434977","0.35925345783581303","-0.11468041858632808","-0.047208044692982676","0.05263500544349773","0.10925345783581306","0.09581271139618235","0.01528220308947993","-0.11468041858632808","0.15816847437891843","-0.8686077900936976","0.150217242031305","0.327469248636867","0.45872167434531225"
"MVZ180089","0.1326488288317682","0.20448988614410746","0.3067014619066495","0.3561598231174749","-0.11735117116823178","-0.04551011385589256","0.0567014619066495","0.10615982311747488","0.09287848872620863","0.018651077869453855","-0.1173511711682318","0.19817582193351876","-0.8916454910168397","0.15081635769475582","0.32129282603952275","0.4694046846729272"
"MVZ180090","0.12578410510906732","0.21197360583223482","0.3095178783143155","0.3527244107443824","-0.12421589489093268","-0.038026394167765196","0.05951787831431549","0.10272441074438242","0.08619191323019543","0.01921129223256538","-0.12421589489093268","0.21930495114057771","-0.9527822549229037","0.15240639159524053","0.30673689492206374","0.49686357956373073"
"MVZ165717","0.12248995939705383","0.20450797913519386","0.3098129835388001","0.36318907792895216","-0.12751004060294618","-0.04549202086480612","0.059812983538800095","0.11318907792895222","0.0971719309672188","0.018359642205069693","-0.12751004060294618","0.18673845780343343","-0.9111390933399107","0.1613637849220236","0.31637466382842483","0.5100401624117847"
"MVZ165718","0.12972181826392476","0.2102670529494497","0.30756627861035407","0.35244485017627153","-0.12027818173607521","-0.039732947050550305","0.057566278610354044","0.10244485017627147","0.08706576398965163","0.018533499992399803","-0.12027818173607524","0.20973730162306137","-0.933668791435725","0.14963548670955812","0.3110195975482512","0.48111272694430085"
"MVZ165720","0.12366074096776064","0.20325342156695467","0.3062503543551634","0.36683548311012126","-0.12633925903223933","-0.046746578433045326","0.05625035435516343","0.11683548311012128","0.10017314546332826","0.014994837117133338","-0.12633925903223936","0.14858596420144377","-0.8950050746219775","0.1619293444221947","0.3204256255390762","0.5053570361289573"
"MVZ165729","0.11563812183275517","0.2096997611663853","0.311868896408836","0.3627932205920234","-0.1343618781672448","-0.04030023883361466","0.061868896408836","0.11279322059202346","0.0937502146375733","0.018117776700314194","-0.13436187816724482","0.1909024627683219","-0.9529555410485874","0.16483467742493704","0.30669911673116407","0.5374475126689793"
"MVZ165730","0.13098051171391195","0.20516380828200095","0.306215552042855","0.35764012796123207","-0.11901948828608803","-0.044836191717999026","0.056215552042855006","0.10764012796123208","0.09337229526790133","0.017545853456249205","-0.11901948828608805","0.1857467420187267","-0.8971273067141903","0.15228880815406814","0.3198820847473533","0.47607795314435214"
"MVZ1066","0.13036066309766142","0.20549541883952088","0.3033396437502034","0.36080427431261425","-0.11963933690233858","-0.04450458116047912","0.0533396437502034","0.1108042743126143","0.09510686211118434","0.014276342492612417","-0.11963933690233858","0.14899599752981474","-0.8937106441107221","0.1535014661494589","0.3207587699076808","0.47855734760935426"
"MVZ74244","0.12009522907635771","0.2033008242147724","0.3088666531964396","0.36773729351243023","-0.12990477092364228","-0.046699175785227566","0.05886665319643959","0.11773729351243027","0.10069636122102348","0.01650924227714251","-0.12990477092364228","0.1625049896098409","-0.9049570217593911","0.16518947228090597","0.3179049374137382","0.519619083694569"
"MVZ74245","0.12633659915556683","0.20363835722069523","0.30493301713878257","0.3650920264849553","-0.12366340084443316","-0.046361642779304796","0.05493301713878259","0.11509202648495535","0.09886977669937821","0.014543648733960544","-0.12366340084443317","0.14605161764653324","-0.8911293020055034","0.15899492813134858","0.3214268066494508","0.4946536033777326"
"MVZ74248","0.13138806616927007","0.20624198933823212","0.301063583165269","0.36130636132722876","-0.11861193383072993","-0.04375801066176788","0.05106358316526898","0.11130636132722885","0.09495714716454064","0.012225457521087774","-0.11861193383072993","0.12804273147988074","-0.8916940322925944","0.15243068082342742","0.321280236946815","0.47444773532291973"
"MVZ74249","0.12566870535129782","0.20323536395934622","0.30400340639746926","0.36709252429188677","-0.12433129464870218","-0.0467646360406538","0.05400340639746927","0.11709252429188673","0.10034160837903414","0.013321511526335228","-0.12433129464870218","0.13198973426280533","-0.8874977453608142","0.16032520659727884","0.322375004318658","0.49732517859480874"
"MVZ74251","0.12920565008031398","0.20281767135075243","0.30365839399710615","0.3643182845718275","-0.12079434991968602","-0.04718232864924754","0.053658393997106146","0.11431828457182741","0.0988985238845541","0.014206069415784598","-0.12079434991968602","0.14266699827156762","-0.8797253829270882","0.15676098177578934","0.32443773628488604","0.48317739967874407"
"MVZ74252","0.1320633891270981","0.20835651616130474","0.30292470104068675","0.3566553936709103","-0.11793661087290189","-0.04164348383869525","0.05292470104068674","0.10665539367091043","0.09081414483150949","0.014438233848016456","-0.11793661087290189","0.15766702031639887","-0.9085589551005235","0.14954837238269988","0.3170100685355996","0.4717464434916076"
"MVZ74253","0.1212171036489921","0.2080222587606908","0.30868031763982745","0.36208031995048967","-0.1287828963510079","-0.04197774123930923","0.058680317639827485","0.11208031995048967","0.09434091016936887","0.016708246132632894","-0.1287828963510079","0.17528737597467728","-0.9311734381271898","0.16051295029675336","0.31159601710475343","0.5151315854040315"
"MVZ74254","0.12432064596801445","0.20523550176716052","0.3071856774266967","0.36325817483812833","-0.12567935403198552","-0.044764498232839456","0.05718567742669671","0.11325817483812829","0.09676872920362874","0.016220208697164652","-0.12567935403198555","0.1660744358876118","-0.9079307993696518","0.15944460527644694","0.31716546942918744","0.5027174161279422"
"MVZ74255","0.13373466610904722","0.1990766437322503","0.29988913211317414","0.36729955804552833","-0.11626533389095278","-0.050923356267749714","0.049889132113174146","0.11729955804552833","0.10301507577786699","0.011809412431500061","-0.11626533389095278","0.11413945129493437","-0.8425093189771629","0.15578573722992642","0.3349789056126577","0.46506133556381113"
"MVZ74457","0.12504740128934394","0.20417758018704807","0.3073352038565374","0.3634398146670707","-0.12495259871065606","-0.04582241981295194","0.05733520385653743","0.11343981466707058","0.09752780244288613","0.01663575223391287","-0.12495259871065606","0.1689484284976654","-0.9010804444910369","0.15937870756871197","0.3188783370920001","0.4998103948426242"
"MVZ8090","0.1263467152396093","0.20486253946193425","0.3051069817532375","0.36368376354521886","-0.1236532847603907","-0.04513746053806581","0.05510698175323756","0.11368376354521896","0.09725773983206863","0.014731742647624693","-0.1236532847603907","0.15032842321567433","-0.8988006527426026","0.158007047408375","0.31945582301867953","0.4946131390415628"
"MVZ852","0.119155162395148","0.19392910539299887","0.3037706991835459","0.38314503302830716","-0.13084483760485197","-0.05607089460700111","0.05377069918354589","0.13314503302830719","0.11587061847847294","0.010771803055919174","-0.130844837604852","0.09269763127921257","-0.8438820341075288","0.17510683451967096","0.3345696278986739","0.523379350419408"
"MVZ853","0.12180316231263887","0.2027136311533946","0.3054604148482844","0.37002279168568214","-0.12819683768736112","-0.04728636884660541","0.055460414848284394","0.12002279168568215","0.10245551814937562","0.013500226512259354","-0.12819683768736112","0.1310119584638012","-0.89233907594251","0.16466274171220083","0.32111311145164634","0.5127873507494445"
"MVZ854","0.12743469303259522","0.20231534669912896","0.30035044514482356","0.3698995151234522","-0.12256530696740478","-0.047684653300870974","0.050350445144823584","0.11989951512345222","0.10262392540205707","0.01007133194906767","-0.12256530696740478","0.09782499309746319","-0.871361705268087","0.16017289491099748","0.32670928436868785","0.4902612278696192"
"MVZ855","0.12474581741295229","0.19807361491479103","0.30260885500065243","0.37457171267160433","-0.1252541825870477","-0.05192638508520896","0.05260885500065243","0.12457171267160426","0.10808257001901415","0.011516076242491992","-0.1252541825870477","0.10614839490710881","-0.8560643781415878","0.16584050231920872","0.33100791305702465","0.5010167303481908"
"MVZ961","0.13242603859312402","0.20905754195040838","0.30144628904750453","0.3570701304089631","-0.11757396140687598","-0.04094245804959163","0.05144628904750456","0.10707013040896307","0.09063882930800438","0.012998357077676798","-0.11757396140687598","0.14243711069035","-0.9091190879614979","0.14902345810626563","0.3168717297670945","0.470295845627504"
"MVZ966","0.1217993570299633","0.19727518008486952","0.3063810436139776","0.3745444192711896","-0.12820064297003667","-0.05272481991513049","0.056381043613977624","0.12454441927118955","0.10855479577446714","0.014475355406432888","-0.1282006429700367","0.13256404656075127","-0.86383891534012","0.16860926563421608","0.3287995709850375","0.5128025718801467"
"MVZ102733","0.1301439607116135","0.2063717675374823","0.3030415305598066","0.36044274119109765","-0.11985603928838649","-0.04362823246251768","0.053041530559806586","0.11044274119109763","0.09434881740628696","0.013883529841539401","-0.1198560392883865","0.14610255448517573","-0.8987064210287139","0.15316632103933633","0.3194797732945307","0.47942415715354597"
"MVZ102734","0.12400155068102452","0.2037966152753994","0.3047580718435234","0.3674437622000527","-0.12599844931897547","-0.04620338472460063","0.054758071843523354","0.11744376220005275","0.1002130019569175","0.013532526921664737","-0.12599844931897547","0.13422569053014277","-0.894490280129634","0.16155922838664824","0.3205579696811342","0.5039937972759019"
"MVZ163175","0.14124970530891853","0.22086266351858655","0.30358721994742355","0.33430041122507137","-0.10875029469108147","-0.02913733648141345","0.053587219947423555","0.08430041122507138","0.06946614986286517","0.018388794498587772","-0.10875029469108147","0.2587802552108228","-0.986887700823793","0.13034692299888936","0.29964728686289027","0.43500117876432587"
"MVZ163176","0.13336839335542475","0.20939686105572464","0.3073635096404729","0.3498712359483778","-0.11663160664457525","-0.040603138944275384","0.0573635096404729","0.09987123594837775","0.08602263510585814","0.019607690009626817","-0.11663160664457525","0.22410758910030493","-0.9231635431260978","0.14624392953748258","0.3134740524992259","0.466526426578301"
"MVZ163177","0.14321044964602536","0.21698401529620387","0.30153594359278274","0.33826959146498803","-0.10678955035397465","-0.03301598470379611","0.051535943592782775","0.088269591464988","0.07427194369324616","0.01690631517637727","-0.10678955035397464","0.22381364540009643","-0.9512071289843739","0.13117222715811383","0.30708113931400144","0.42715820141589855"
"MVZ163179","0.12452236209907278","0.20519397840699286","0.3109255405535491","0.3593581189403852","-0.12547763790092722","-0.04480602159300713","0.06092554055354908","0.1093581189403853","0.0944058702353823","0.020258249985797935","-0.12547763790092722","0.21138114622759832","-0.9149318673398871","0.1583272012023933","0.31544903906982","0.5019105516037089"
"MVZ163180","0.13968011644324713","0.2159861242652395","0.30159725163277706","0.34273650765873637","-0.11031988355675287","-0.034013875734760494","0.051597251632777064","0.09273650765873631","0.07761844100405142","0.015723180898842854","-0.11031988355675287","0.19986565261086953","-0.9481797591711357","0.13580249448906548","0.307747094428366","0.4412795342270115"
"MVZ163216","0.142781461837754","0.21896538957009026","0.3022898781074015","0.33596327048475416","-0.10721853816224598","-0.03103461042990974","0.05228987810740149","0.08596327048475423","0.07164627730695929","0.01755431339402599","-0.107218538162246","0.24028011664232723","-0.9681752033875741","0.13014283651561614","0.3034522731476727","0.42887415264898393"
"MVZ163217","0.13583924971171024","0.20740726105077534","0.3052827727263517","0.35147071651116274","-0.11416075028828976","-0.04259273894922471","0.0552827727263517","0.10147071651116275","0.08822048911503004","0.01827431487930011","-0.11416075028828976","0.20425493135498424","-0.9026882147971841","0.1454286154454762","0.31847332616119334","0.45664300115315903"
"MVZ163218","0.12967760080148097","0.21761113849015087","0.3093351690286501","0.3433760916797181","-0.12032239919851903","-0.0323888615098491","0.05933516902865012","0.09337609167971804","0.0770149907098628","0.02039405837355894","-0.12032239919851903","0.25886477598735647","-0.9859386909633756","0.1443076787973258","0.2998354416105717","0.4812895967940762"
"MVZ163219","0.1487179814533138","0.21201842635095952","0.29973212579170894","0.33953146640401766","-0.1012820185466862","-0.03798157364904045","0.04973212579170895","0.08953146640401773","0.07808547092026666","0.016940284021897938","-0.1012820185466862","0.21363486552039274","-0.9028572678860043","0.12900527614199997","0.3184308478274815","0.4051280741867448"
"MVZ163220","0.13459008188758198","0.2114434183690519","0.3059247982418563","0.34804170150150976","-0.11540991811241802","-0.03855658163094811","0.05592479824185634","0.0980417015015098","0.08364902335368701","0.018513638253221713","-0.11540991811241802","0.21781399055514997","-0.9322162346385325","0.14373365335964944","0.3113546385581046","0.4616396724496721"
"MVZ163234","0.13494140976334545","0.20714802323302828","0.306095066006875","0.35181550099675124","-0.11505859023665455","-0.042851976766971715","0.056095066006875034","0.10181550099675125","0.08859037572413822","0.0188184476518011","-0.11505859023665455","0.20930971261160983","-0.9039471473482394","0.14642700512615128","0.31815748138617383","0.4602343609466182"
"MVZ163237","0.12655493844267326","0.20476468273303738","0.31031944049226184","0.3583609383320275","-0.12344506155732672","-0.045235317266962595","0.060319440492261865","0.10836093833202748","0.09405811315490739","0.020334008048596912","-0.12344506155732674","0.21290908451132798","-0.9086530134047958","0.15652183156503743","0.31698682310662984","0.4937802462293069"
"MVZ163239","0.12421050960670221","0.2093887990171152","0.312920814531727","0.3534798768444556","-0.1257894903932978","-0.0406112009828848","0.06292081453172699","0.10347987684445559","0.08823740429116071","0.02226430112019733","-0.1257894903932978","0.24716354712284516","-0.9445019764883446","0.15525635096129925","0.3085638364458536","0.5031579615731911"
"MVZ163242","0.139429980082549","0.2145062347430963","0.304104015714845","0.34195976945950973","-0.110570019917451","-0.0354937652569037","0.05410401571484502","0.09195976945950969","0.0780490314923286","0.018293569162305057","-0.110570019917451","0.23022963634886656","-0.9434823286042863","0.1365724543754415","0.3087917829747234","0.442280079669804"
"MVZ163243","0.12570164009795642","0.21114621044612067","0.30934871256668584","0.35380343688923704","-0.12429835990204356","-0.038853789553879324","0.05934871256668585","0.10380343688923706","0.08735935322657766","0.019002709077341706","-0.12429835990204358","0.21418687533128933","-0.9472640012032382","0.15311055425013","0.3079496671774121","0.49719343960817425"
"MVZ163247","0.11668558501204099","0.19709160896857744","0.3144564300887665","0.3717663759306151","-0.13331441498795898","-0.05290839103142253","0.06445643008876652","0.12176637593061501","0.10696601249913823","0.021232604776313477","-0.133314414987959","0.19595149948281818","-0.8851677217155626","0.17223613029540194","0.32298857237410966","0.533257659951836"
"MVZ163249","0.13138472573781945","0.2166651883339003","0.3064770611396198","0.34547302478866043","-0.11861527426218055","-0.033334811666099674","0.05647706113961982","0.09547302478866043","0.07887836854650701","0.017966136978423607","-0.11861527426218055","0.2239495312897808","-0.9722363167820787","0.14357632949333388","0.3026092768962891","0.47446109704872225"
"MVZ163250","0.1369571134490973","0.21245856113706735","0.30802130098100794","0.34256302443282743","-0.1130428865509027","-0.03754143886293268","0.05802130098100794","0.09256302443282745","0.07967238708331868","0.02157418724288214","-0.1130428865509027","0.2644445199737889","-0.9401008047735923","0.1399708148811936","0.3095524609108539","0.4521715462036107"
"MVZ163251","0.11893168183594525","0.20722760517030867","0.31374138396256707","0.36009932903117897","-0.13106831816405473","-0.04277239482969127","0.06374138396256704","0.11009932903117897","0.09361442988969604","0.021268298976960382","-0.13106831816405473","0.22339830797439852","-0.93862701759884","0.16246509179297586","0.30988627547204545","0.5242732726562189"
"MVZ163254","0.1241312406776352","0.20723186777619942","0.3127070048709127","0.3559298866752526","-0.1258687593223648","-0.042768132223800624","0.06270700487091271","0.10592988667525274","0.09105856801635256","0.022009495929989548","-0.1258687593223648","0.2371584134024629","-0.9309704870301616","0.15690451011246404","0.31164307759364857","0.5034750372894592"
"MVZ149571","0.12803068496568124","0.20171911658245584","0.30510108589263457","0.3651491125592283","-0.12196931503431874","-0.04828088341754415","0.05510108589263456","0.11514911255922836","0.10008002470205007","0.015320862349413891","-0.12196931503431876","0.15190677976432293","-0.8779731159217713","0.15851578463179475","0.32490914740972526","0.48787726013727495"
"MVZ149572","0.14831337617110224","0.20687139032707663","0.2882726609128063","0.3565425725890148","-0.10168662382889776","-0.04312860967292335","0.03827266091280628","0.10654257258901484","0.0916545064352123","0.004642636465558361","-0.10168662382889776","0.05061040711819628","-0.8366026120737846","0.13697544337929138","0.3367587550398273","0.40674649531559104"
"MVZ58954","0.1262096062574932","0.1984658411393152","0.30396485131506895","0.3713597012881227","-0.1237903937425068","-0.05153415886068478","0.05396485131506894","0.12135970128812266","0.10587543425617327","0.013471855035373867","-0.1237903937425068","0.12656238257710253","-0.8592758826145845","0.1634477287696353","0.33008968593641175","0.4951615749700272"
"MVZ67284","0.11555117078395158","0.20554408096532514","0.3131229630079326","0.36578178524279076","-0.13444882921604842","-0.044455919034674815","0.06312296300793258","0.11578178524279067","0.09812515325869398","0.019417173356615126","-0.13444882921604842","0.19535791761143834","-0.9311562063475722","0.16757702706746286","0.31160001177507485","0.5377953168641937"
"MVZ67286","0.12188142790532482","0.20591115971627394","0.31163740123726036","0.36057001114114084","-0.1281185720946752","-0.04408884028372601","0.06163740123726037","0.11057001114114089","0.09470881754895977","0.02007958102233314","-0.1281185720946752","0.20892020109090664","-0.9236830698948492","0.16058430250536032","0.3133509449096382","0.5124742883787008"
"MVZ71116","0.13012065216316476","0.20969967451349958","0.30370171201473506","0.35647796130860065","-0.11987934783683524","-0.040300325486500414","0.05370171201473509","0.1064779613086006","0.08988297699197188","0.014575517200595843","-0.11987934783683524","0.16076164909484972","-0.9211966873153019","0.15054053704032394","0.3139417667779209","0.47951739134734095"
"MVZ71117","0.1238593457169597","0.20714774049981077","0.30596723370407913","0.3630256800791503","-0.1261406542830403","-0.04285225950018923","0.05596723370407916","0.1130256800791504","0.09545535353144209","0.014764759701187137","-0.1261406542830403","0.1534609853232609","-0.9172997632446668","0.1588747535318305","0.31487618808314544","0.5045626171321612"
"MVZ71118","0.13627148134838657","0.2110488430433673","0.29735848579966223","0.3553211898085838","-0.11372851865161343","-0.03895115695663269","0.04735848579966222","0.1053211898085839","0.08834840839216397","0.010022156307073645","-0.11372851865161343","0.11295614324536968","-0.9072404946155395","0.14436087017319613","0.3173365658076918","0.4549140746064537"
"MVZ71119","0.13138546227592826","0.20094129847259662","0.3021766109462129","0.36549662830526214","-0.11861453772407174","-0.04905870152740334","0.05217661094621288","0.1154966283052622","0.10076914813635426","0.013405081143099714","-0.11861453772407174","0.13225115858588393","-0.8622319875337403","0.1562162794848054","0.32925196709067206","0.474458150896287"
"MVZ71120","0.12368823105075513","0.2092579317905155","0.3098865165803339","0.3571673205783954","-0.12631176894924487","-0.04074206820948449","0.059886516580333886","0.1071673205783955","0.0905756326743103","0.018861288779552322","-0.12631176894924487","0.205304021663814","-0.9386141373153136","0.15657061162256689","0.3098891990133571","0.5052470757969795"
"MVZ71121","0.1301996378060846","0.21261857765336445","0.3067097111742607","0.35047207336629016","-0.1198003621939154","-0.037381422346635544","0.05670971117426073","0.10047207336629024","0.08441768093890413","0.017793907747714378","-0.1198003621939154","0.20774308965927152","-0.9466832497614275","0.1476316185301445","0.3080784060802335","0.4792014487756616"
"MVZ82390","0.12173032043849402","0.20512257398608996","0.30301040309219085","0.37013670248322517","-0.12826967956150598","-0.04487742601391002","0.05301040309219086","0.12013670248322515","0.10105010379200949","0.010875843130597527","-0.12826967956150598","0.1072155054832802","-0.900741231457874","0.16365365298394252","0.31896402474730934","0.5130787182460239"
"MVZ87783","0.1109349876858193","0.18569612594832788","0.30877309744702336","0.3945957889188295","-0.1390650123141807","-0.06430387405167216","0.058773097447023394","0.14459578891882946","0.12792439542927664","0.013171377017618037","-0.1390650123141807","0.10260065414455719","-0.824473029294898","0.1894128131052105","0.3405112651147692","0.5562600492567228"
"MVZ87784","0.11095000150701975","0.19089459077834453","0.3069261920111529","0.3912292157034828","-0.13904999849298025","-0.05910540922165543","0.05692619201115292","0.1412292157034828","0.12267940221961035","0.01121774616813775","-0.13904999849298025","0.09118594747022361","-0.8457986675303873","0.18577129928746128","0.3340009012960178","0.556199993971921"
"MVZ87785","0.10792905891664822","0.18690365946621607","0.310685269644782","0.3944820119723537","-0.14207094108335178","-0.06309634053378396","0.06068526964478203","0.14448201197235372","0.12711526132190373","0.014136785601143006","-0.14207094108335178","0.11075721398520769","-0.8378447792096594","0.19116037944191724","0.3363819124168487","0.5682837643334071"
"MVZ87786","0.12428310833158389","0.20048877136557677","0.3038242804743545","0.3714038398284848","-0.1257168916684161","-0.049511228634423254","0.0538242804743545","0.12140383982848486","0.1046636767717445","0.012641637269638321","-0.1257168916684161","0.12020115733148212","-0.8729664063149071","0.16407020777400627","0.3262692180752224","0.5028675666736645"
"MVZ87788","0.1154311564157723","0.19639093702260044","0.3089829558812259","0.3791949506804013","-0.13456884358422772","-0.053609062977399556","0.0589829558812259","0.12919495068040138","0.11194413909859482","0.014983601199643055","-0.13456884358422772","0.13305807075988194","-0.8725521725648451","0.1756837278948504","0.326382621741281","0.5382753743369108"
"MVZ22707","0.09853615418137641","0.18721344047546237","0.31444834026361956","0.3998020650795417","-0.1514638458186236","-0.06278655952453756","0.06444834026361958","0.1498020650795416","0.13018341385001891","0.014807231413463878","-0.1514638458186236","0.11325458412759748","-0.8576333486217946","0.20027049691341195","0.33055825274837175","0.6058553832744944"
"MVZ22708","0.11036251323018045","0.20442111741829425","0.3159796603825914","0.3692367089689339","-0.13963748676981955","-0.045578882581705754","0.06597966038259141","0.1192367089689339","0.10092852523850837","0.020612691013980552","-0.13963748676981955","0.20146009381039007","-0.9352076846671757","0.17352255746458323","0.31066614252127783","0.5585499470792782"
"MVZ22709","0.10177325122809212","0.20122232727684752","0.3194702955279125","0.3775341259671478","-0.1482267487719079","-0.04877767272315249","0.06947029552791255","0.1275341259671479","0.1079684856058858","0.021278305983305223","-0.1482267487719079","0.19458519936575583","-0.9321694812966856","0.1846107506106777","0.31136544540749134","0.5929069950876316"
"MVZ22710","0.1030490041090059","0.19541124388435066","0.3180709282869003","0.38346882371974306","-0.14695099589099408","-0.05458875611564934","0.06807092828690031","0.1334688237197431","0.1151612782148556","0.020245099641676374","-0.14695099589099408","0.1740196572500381","-0.8986897068609933","0.18779398087514876","0.3194840220995361","0.5878039835639763"
"MVZ22711","0.1036862615912302","0.20394154697551006","0.3199787275493683","0.37239346388389144","-0.1463137384087698","-0.04605845302448992","0.06997872754936829","0.12239346388389145","0.10315531065481112","0.022493930878648413","-0.1463137384087698","0.2146980397325345","-0.9457233123814348","0.18042922460015703","0.30829166584493206","0.5852549536350792"
"MVZ22714","0.11477389599237016","0.205514564631921","0.3136492044760214","0.3660623348996874","-0.13522610400762985","-0.044485435368079015","0.06364920447602143","0.11606233489968745","0.09831502912440103","0.019700528584569613","-0.13522610400762985","0.19776251216052454","-0.9327609814862483","0.16834504739767545","0.3112288278825532","0.5409044160305193"
"MVZ22719","0.10124535428223323","0.1935735466670467","0.319311262100407","0.38586983695031296","-0.14875464571776675","-0.05642645333295325","0.06931126210040701","0.13586983695031304","0.1177569476560293","0.020922985805676232","-0.14875464571776675","0.17584427649260082","-0.8936106578292579","0.1908727709205995","0.3207845543236743","0.595018582871067"
"MVZ22720","0.09653732323304284","0.18926422236716686","0.3181759669658938","0.39602248743389645","-0.15346267676695713","-0.06073577763283315","0.06817596696589379","0.14602248743389648","0.1266130623791499","0.018054283132823","-0.15346267676695716","0.14163932082035952","-0.8760263691330561","0.19976891115723241","0.3254356618915788","0.6138507070678285"
"MVZ22721","0.10324661849696568","0.19203947372418437","0.315165970692302","0.389547937086548","-0.14675338150303432","-0.05796052627581562","0.06516597069230202","0.13954793708654792","0.12094873877974413","0.01723379405726984","-0.14675338150303432","0.14153568244068215","-0.8765573519443883","0.19095066392289478","0.3252917615376151","0.5870135260121373"
"MVZ22722","0.09641567318458591","0.18421089660885412","0.31225489266371115","0.4071185375428488","-0.1535843268154141","-0.06578910339114585","0.06225489266371114","0.15711853754284882","0.1365024950139539","0.011731025659251075","-0.1535843268154141","0.08572936644357013","-0.8423881696936371","0.20581227745544345","0.33501510493124687","0.6143373072616564"
"MVZ22724","0.09220569093335443","0.17908960498524792","0.313200764591213","0.41550393949018466","-0.15779430906664557","-0.07091039501475208","0.06320076459121303","0.16550393949018463","0.14477362185418838","0.011245820841096533","-0.15779430906664557","0.07752298546022121","-0.8269069660446473","0.21444093369734624","0.339747572275841","0.6311772362665823"
"MVZ22727","0.09871695617257238","0.1892299124356261","0.3191538474723632","0.3928992839194383","-0.15128304382742763","-0.060770087564373895","0.06915384747236321","0.14289928391943835","0.1247215090921737","0.019862098654814433","-0.15128304382742763","0.15792544835921218","-0.8751850868515106","0.19706982808866033","0.3256641046855569","0.6051321753097105"
"MVZ22729","0.09369811586664732","0.1931156280327161","0.32234530666061045","0.39084094944002606","-0.15630188413335266","-0.0568843719672839","0.07234530666061047","0.14084094944002612","0.12108153666892825","0.021472724298643074","-0.15630188413335266","0.1755162253030044","-0.9041858964271418","0.1988770861475765","0.31809771080222515","0.6252075365334107"
"MVZ64579","0.12082907053878891","0.20188909779780775","0.31269020803214265","0.3645916236312607","-0.1291709294612111","-0.048110902202192246","0.06269020803214266","0.1145916236312607","0.09963454203848952","0.020824186743189373","-0.1291709294612111","0.20603969618420748","-0.9034117026314011","0.1644561270935441","0.3182916771202162","0.5166837178448443"
"MVZ64581","0.10822472126781607","0.18608898203308033","0.3123984129373209","0.39328788376178275","-0.14177527873218393","-0.06391101796691964","0.06239841293732089","0.1432878837617827","0.12688289612509904","0.016058380886816905","-0.14177527873218393","0.12589133109528539","-0.8368239267620837","0.19093813287394218","0.336691513819253","0.5671011149287356"
"MVZ64583","0.1047136845421273","0.18856542138901","0.3113870776729999","0.39533381639586285","-0.14528631545787268","-0.061434578610989964","0.06138707767299989","0.14533381639586276","0.12661926567525658","0.01374435891277044","-0.14528631545787268","0.10812536972104313","-0.8510411441219654","0.1932083313456973","0.3324613380427424","0.5811452618314907"
"MVZ64587","0.1064006300231461","0.18898727124965745","0.3112468505996054","0.39336524812759116","-0.14359936997685388","-0.06101272875034256","0.06124685059960542","0.14336524812759108","0.125155439503319","0.014192050935575863","-0.1435993699768539","0.11291308198435118","-0.8507525278489374","0.19101329117309165","0.33254548958654934","0.5743974799074156"
"MVZ64590","0.10761496917803912","0.18872509581263713","0.3182972243051971","0.38536271070412664","-0.14238503082196088","-0.061274904187362846","0.06829722430519707","0.13536271070412667","0.12041545518051307","0.022099435246803238","-0.14238503082196088","0.1815067192142946","-0.8606244382746638","0.18778115956274355","0.32970663853973925","0.5695401232878435"
"MVZ64592","0.1084549748173575","0.19289620759901546","0.3125966340200391","0.38605218356358784","-0.14154502518264248","-0.057103792400984496","0.06259663402003915","0.1360521835635879","0.11828339547062354","0.016350033017599724","-0.1415450251826425","0.13735721738878973","-0.8700267458571324","0.1851844469108878","0.32707692600275995","0.56618010073057"
"MVZ64593","0.11678705439976195","0.19786484257794434","0.3146809129784848","0.3706671900438089","-0.13321294560023803","-0.052135157422055635","0.06468091297848476","0.12066719004380891","0.1058193944116225","0.021506579682753834","-0.13321294560023805","0.20050759656866562","-0.8896237227999181","0.1714816785513401","0.3218187199800079","0.5328517824009521"
"MVZ162699","0.1337497976960476","0.20724523477593304","0.30317129368794027","0.3558336738400791","-0.11625020230395239","-0.04275476522406698","0.053171293687940276","0.1058336738400791","0.09099146434594725","0.015296020315089679","-0.11625020230395239","0.16654674297252386","-0.899906652632821","0.1484167253277382","0.31917519794864946","0.46500080921580955"
"MVZ162700","0.12365087701814542","0.19803117794406302","0.3154013373569243","0.36291660768086725","-0.12634912298185458","-0.051968822055937","0.06540133735692434","0.11291660768086725","0.1009712922186746","0.024697432886904184","-0.12634912298185458","0.23988853156050124","-0.882364137193905","0.16361315937844342","0.323732281469695","0.5053964919274183"
"MVZ162701","0.13208765231128963","0.20002948128115353","0.30843288022144083","0.35944998618611596","-0.11791234768871037","-0.04997051871884645","0.058432880221440824","0.10944998618611604","0.09762472288850527","0.020289118455106614","-0.11791234768871037","0.2049107088784569","-0.8688420929162765","0.15442006535488226","0.32740435667211165","0.4716493907548414"
"MVZ162702","0.13060380361849158","0.19999975448749463","0.30218918263639405","0.36720725925761966","-0.11939619638150842","-0.05000024551250537","0.05218918263639407","0.11720725925761974","0.10239326696269768","0.013142057365543513","-0.11939619638150842","0.12765094665940815","-0.8578714414820126","0.15783708848513786","0.3304901941365006","0.4775847855260336"
"MVZ162703","0.11400611242385783","0.19925096154616664","0.31257273760015475","0.3741701884298208","-0.13599388757614217","-0.05074903845383338","0.06257273760015475","0.12417018842982085","0.1071157130167686","0.018287310559208243","-0.13599388757614217","0.1690945313493189","-0.8966365644496713","0.17407624525090165","0.3200074803976712","0.5439755503045687"
"MVZ162704","0.12200196073844055","0.1972702990709417","0.30944518330091453","0.37128255688970324","-0.12799803926155945","-0.052729700929058244","0.059445183300914535","0.12128255688970317","0.10656031016139951","0.01779699756121565","-0.12799803926155945","0.16548600102308042","-0.8697689290308037","0.16749725633183157","0.3271480901155776","0.5119921570462378"
"MVZ162708","0.13474714047248523","0.2015470317874651","0.30270336497183525","0.36100246276821435","-0.11525285952751477","-0.04845296821253486","0.052703364971835254","0.11100246276821438","0.09764611065460406","0.015152320882878254","-0.11525285952751477","0.1539480464995023","-0.8620370750867709","0.151814285834298","0.329306983047251","0.46101143811005907"
"MVZ162711","0.12230291613371487","0.2001358073059619","0.3111769690682949","0.3663843074920284","-0.12769708386628514","-0.04986419269403809","0.06117696906829493","0.11638430749202833","0.10180599898971422","0.019740237551147753","-0.12769708386628514","0.19152386859006754","-0.8887237793379099","0.16450131803977286","0.3220537874851284","0.5107883354651406"
"MVZ165405","0.13713035472416374","0.19833057103363746","0.3059087787664418","0.358630295475757","-0.11286964527583626","-0.051669428966362514","0.05590877876644179","0.10863029547575699","0.09816313269798539","0.01939476910808216","-0.11286964527583626","0.19506459025846593","-0.8454809770982914","0.15083671474323224","0.33409495169097553","0.45147858110334504"
"MVZ165406","0.13107936506660545","0.2009174806001668","0.3036439376246007","0.36435921670862703","-0.11892063493339455","-0.049082519399833206","0.053643937624600666","0.1143592167086271","0.10008721403508711","0.014853194403648393","-0.11892063493339455","0.14732725133271557","-0.8658103893197754","0.15614155503984073","0.3282473961043283","0.4756825397335782"
"MVZ165408","0.11587464456759528","0.1942175655145513","0.3129072178262878","0.3770005720915657","-0.13412535543240472","-0.055782434485448715","0.06290721782628782","0.12700057209156565","0.11193127494136673","0.019302706288166386","-0.13412535543240472","0.1707717430836197","-0.8681363922976267","0.17575783268439546","0.3275999383520223","0.5365014217296189"
"MVZ165409","0.13089481053405874","0.21130140861985147","0.308636716892928","0.34916706395316177","-0.11910518946594127","-0.03869859138014853","0.05863671689292799","0.09916706395316183","0.08442512715525614","0.02008358663931992","-0.11910518946594126","0.23354550439903088","-0.941126886362622","0.1473668846966577","0.3093208729137659","0.47642075786376503"
"MVZ165410","0.12753868142409544","0.20084933851658326","0.30669744759272316","0.36491453246659816","-0.12246131857590456","-0.04915066148341676","0.056697447592723195","0.11491453246659815","0.10046900243207353","0.016840110104141062","-0.12246131857590456","0.16607122114961095","-0.8769287611666358","0.15929339065185594","0.3251912369233595","0.48984527430361824"
"MVZ165411","0.1190646609521377","0.20018173015116292","0.31328172839747154","0.3674718804992278","-0.1309353390478623","-0.04981826984883707","0.06328172839747152","0.11747188049922784","0.10244387683656019","0.020827775843734547","-0.1309353390478623","0.20057538481909967","-0.8970275457526887","0.16754882022706044","0.31990756171222495","0.5237413561914492"
"MVZ165415","0.12430182436867884","0.1973911833524163","0.3096826041200041","0.36862438815890075","-0.12569817563132113","-0.052608816647583746","0.05968260412000411","0.11862438815890078","0.10485849469934373","0.018861944952348213","-0.12569817563132116","0.1779766918590657","-0.8676988160145291","0.16477593342184463","0.32772141002495625","0.5027927025252845"
"MVZ165416","0.1297852456234223","0.20957035165472443","0.3096262297528917","0.35101817296896154","-0.12021475437657769","-0.04042964834527556","0.05962622975289172","0.10101817296896155","0.08661874686206289","0.020740833083108565","-0.12021475437657769","0.23502458818262975","-0.9331435230009889","0.14961476075159297","0.311140594861839","0.4808590175063107"
"MVZ165417","0.11965959834454414","0.19867816278533615","0.31283335943070745","0.3688288794394122","-0.13034040165545582","-0.051321837214663886","0.06283335943070745","0.11882887943941227","0.10419560879284159","0.02056255087070184","-0.13034040165545585","0.19484200902316504","-0.8870782337086153","0.16813138818711587","0.32248517353728395","0.5213616066218233"
"MVZ165419","0.12384089750862617","0.1914343133369713","0.306186660117642","0.37853812903676043","-0.12615910249137383","-0.058565686663028665","0.05618666011764204","0.12853812903676048","0.11457721934805694","0.014990974132083076","-0.12615910249137383","0.1300983014864873","-0.8292458847872872","0.17108123111665552","0.3390188019297959","0.5046364099654953"
"MVZ166913","0.14770676552211146","0.20745460735110915","0.30292855473759245","0.3419100723891869","-0.10229323447788853","-0.04254539264889086","0.052928554737592476","0.09191007238918694","0.08233682061797844","0.01997309007562223","-0.10229323447788854","0.23798101681670905","-0.8790636017515797","0.13282387653051828","0.3246154968323667","0.4091729379115542"
"MVZ166915","0.13185612007183833","0.21004888726982618","0.30653061473480825","0.35156437792352724","-0.11814387992816167","-0.039951112730173814","0.056530614734808256","0.10156437792352724","0.08666018570029235","0.018189602208994436","-0.11814387992816167","0.20689231813868972","-0.927616742278007","0.14764425413340843","0.3124246770615302","0.4725755197126466"
"MVZ160767","0.11836788501311296","0.20018168058231964","0.3125292959365312","0.36892113846803615","-0.13163211498688704","-0.04981831941768033","0.06252929593653124","0.11892113846803615","0.10333139282346414","0.019783353204734892","-0.13163211498688704","0.1891662620100784","-0.8965073235434026","0.16851044923915373","0.32004053352774214","0.5265284599475482"
"MVZ160768","0.13630504885594855","0.2029233766277666","0.30315199732087345","0.3576195771954114","-0.11369495114405144","-0.04707662337223338","0.05315199732087347","0.10761957719541138","0.09473168913449379","0.016178971138482247","-0.11369495114405145","0.16915526130694933","-0.8690525904094271","0.1488703931244304","0.3273460950253888","0.45477980457620576"
"MVZ160769","0.12647613074208067","0.20660600850843894","0.31000987845660866","0.3569079822928718","-0.12352386925791932","-0.043393991491561104","0.06000987845660868","0.10690798229287178","0.0920407857762586","0.019977805196935098","-0.12352386925791933","0.21373841696602136","-0.9193583906391808","0.15533436587968988","0.3143812746736217","0.4940954770316773"
"MVZ160772","0.11739176494560279","0.19696615516896052","0.3104707969620014","0.37517128292343527","-0.13260823505439723","-0.053033844831039435","0.06047079696200142","0.12517128292343527","0.10912790813648791","0.01725487476930716","-0.13260823505439723","0.15681780833249806","-0.8761614837898818","0.1726023610550924","0.3253990240204336","0.5304329402175889"
"MVZ160773","0.11163080065096279","0.19988376373021766","0.31560874943090583","0.3728766861879137","-0.13836919934903721","-0.050116236269782316","0.06560874943090583","0.12287668618791374","0.10593609728355305","0.020667687858115097","-0.13836919934903721","0.19267556835380348","-0.9083458427251258","0.17548688087023626","0.31706275980460336","0.5534767973961489"
"MVZ160777","0.1328569889143376","0.1987312278867927","0.3040833498349052","0.3643284333639644","-0.11714301108566241","-0.05126877211320731","0.05408334983490524","0.1143284333639645","0.10140716406247265","0.01594774637267734","-0.11714301108566241","0.155986905013636","-0.8512252479979758","0.1557569535647642","0.33240769577551843","0.46857204434264965"
"MVZ164441","0.12264915205428208","0.19714699032371347","0.31019977764660644","0.3700040799753981","-0.12735084794571794","-0.05285300967628654","0.060199777646606466","0.12000407997539804","0.10585291701728838","0.01882618241361961","-0.12735084794571794","0.1760118422095003","-0.8696587693017714","0.16666584430480408","0.3271785131258878","0.5094033917828718"
"MVZ164443","0.12151756610185062","0.19669845522953272","0.3107705009767317","0.371013477691885","-0.1284824338981494","-0.0533015447704673","0.060770500976731735","0.12101347769188499","0.10674571488363778","0.019031449868759175","-0.1284824338981494","0.17643389892834202","-0.8698422390414153","0.16812072909227557","0.32712784929328986","0.5139297355925976"
"MVZ164445","0.12424480633801353","0.2003222975935457","0.31052739308153476","0.36490550298690605","-0.12575519366198645","-0.04967770240645429","0.06052739308153478","0.11490550298690598","0.10078621836135326","0.019737820039336343","-0.12575519366198645","0.19339091701810157","-0.8859718762503968","0.16236321037861787","0.3227763515179918","0.5030207746479458"
"MVZ164447","0.1149351589538705","0.21549094285097672","0.31691931093367154","0.3526545872614813","-0.13506484104612948","-0.03450905714902327","0.06691931093367154","0.10265458726148122","0.08399523501657251","0.02322601532849467","-0.13506484104612948","0.2697749545316378","-0.9977848782962054","0.1607394120318503","0.29752267649164155","0.540259364184518"
"MVZ164450","0.129348028365531","0.20879848724702407","0.30557774682357086","0.35627573756387404","-0.120651971634469","-0.041201512752975886","0.05557774682357087","0.10627573756387403","0.09031100298624778","0.01629218883989408","-0.120651971634469","0.17848125766248538","-0.9205408819749875","0.1515863151371572","0.314098296703364","0.482607886537876"
"MVZ164452","0.12165442029015644","0.2213443839546133","0.31358825925592804","0.34341293649930216","-0.12834557970984356","-0.028655616045386703","0.06358825925592805","0.09341293649930223","0.07475141684365122","0.02206851911149797","-0.12834557970984356","0.28707071851568455","-1.0250452840671431","0.15015785589493366","0.2924873926986852","0.5133823188393742"
"MVZ164454","0.1200831232479337","0.20655123369478223","0.3122592328633248","0.3611064101939593","-0.12991687675206628","-0.043448766305217774","0.06225923286332481","0.11110641019395928","0.09464532988219446","0.02010333635271247","-0.1299168767520663","0.2092964676773148","-0.9306576138097683","0.16198851029017858","0.31171567994071675","0.5196675070082653"
"MVZ164457","0.11840790052796897","0.21079745162082555","0.3127217735552697","0.3580728742959358","-0.13159209947203104","-0.039202548379174446","0.06272177355526973","0.1080728742959358","0.09018740930168492","0.020001654169843508","-0.13159209947203104","0.21824633781618813","-0.9587237194980027","0.16078033340410938","0.3054521017013679","0.5263683978881242"
"MVZ33529","0.12906056276320038","0.2150550852662098","0.30802247548651696","0.3478618764840729","-0.12093943723679962","-0.03494491473379018","0.05802247548651697","0.09786187648407282","0.08132721821502564","0.01878358072510661","-0.12093943723679962","0.22698284045376116","-0.9667014259769201","0.14694654404444082","0.3037605999371389","0.4837577489471985"
"MVZ46851","0.11745107693561092","0.2062634729600651","0.31288871431473075","0.3633967357895933","-0.1325489230643891","-0.043736527039934935","0.06288871431473078","0.11339673578959326","0.0962240788877456","0.019840433359172682","-0.1325489230643891","0.2033402418722267","-0.9329365590840161","0.16499070628130605","0.31118831912568146","0.5301956922575564"
"MVZ46853","0.12518723368277968","0.20290723556439835","0.30834951382959","0.3635560169232319","-0.12481276631722032","-0.047092764435601606","0.05834951382959004","0.11355601692323189","0.09837688553227003","0.017761028640982834","-0.12481276631722032","0.1786165890476178","-0.8954835194814597","0.15991151422324854","0.3203028002296302","0.49925106526888124"
"MVZ65511","0.12502138081493","0.2022659955717401","0.3084100218204415","0.36430260179288837","-0.12497861918507","-0.047734004428259896","0.058410021820441534","0.11430260179288837","0.09922675122352492","0.017766569213185545","-0.12497861918507","0.17717278958093982","-0.892058457674334","0.1605654209143082","0.3211857795383","0.49991447674028006"
"MVZ65513","0.1267355724459805","0.19098867326688423","0.3062548492834011","0.37602090500373425","-0.1232644275540195","-0.05901132673311576","0.0562548492834011","0.1260209050037342","0.1133086384309235","0.016086721803117585","-0.1232644275540195","0.14103009375303724","-0.8224833993650752","0.16820151385068083","0.3411396077286126","0.4930577102160781"
"MVZ82381","0.11475245627704973","0.2116967660359921","0.31683374998169855","0.35671702770525954","-0.13524754372295028","-0.038303233964007935","0.06683374998169857","0.10671702770525965","0.08880641086365085","0.023070669083616907","-0.13524754372295028","0.2541676705589994","-0.9747030671167651","0.16343418389535486","0.30210194469435964","0.5409901748918011"
"MVZ133192","0.1288231939654452","0.2191815292655112","0.31039345626447734","0.34160182050456633","-0.1211768060345548","-0.030818470734488814","0.06039345626447735","0.09160182050456629","0.07496681192464866","0.021214463061077334","-0.1211768060345548","0.27577429239937096","-0.9993927536320192","0.14406212081547176","0.2972147177538063","0.4847072241382192"
"MVZ134098","0.13575289995558976","0.22639825340280667","0.30630535140517057","0.33154349523643295","-0.11424710004441023","-0.023601746597193354","0.05630535140517057","0.08154349523643303","0.06438804784348111","0.019328394107381214","-0.11424710004441024","0.2916274789106633","-1.0389268532650546","0.1325586941412073","0.2900701507733653","0.4569884001776409"
"MVZ134099","0.1306957546144875","0.20731654112903863","0.30546744144831156","0.3565202628081623","-0.11930424538551247","-0.04268345887096137","0.05546744144831155","0.10652026280816229","0.09136824645952236","0.016651685506533422","-0.11930424538551249","0.18026958871180823","-0.9093301126129321","0.15119172615690019","0.3168196690493881","0.4772169815420499"
"MVZ134250","0.13129683176965676","0.20997043995739895","0.3062743233161453","0.35245840495679903","-0.11870316823034324","-0.04002956004260099","0.056274323316145285","0.10245840495679896","0.08725570218401972","0.01772002583329422","-0.11870316823034324","0.20035685365092737","-0.927244255273781","0.1483846320448318","0.3125119452517302","0.47481267292137297"
"MVZ57430","0.1317992058401893","0.2144952579098738","0.30635295492912934","0.3473525813208076","-0.1182007941598107","-0.03550474209012619","0.05635295492912937","0.09735258132080754","0.08135816273717741","0.017981043309412168","-0.11820079415981069","0.2175143611592418","-0.9567795171223541","0.14461637632880286","0.3058701452827753","0.4728031766392428"
"MVZ57431","0.1419415124838369","0.21458773226932426","0.3000890675076252","0.34338168773921357","-0.1080584875161631","-0.03541226773067573","0.05008906750762522","0.09338168773921363","0.07886986821399185","0.01492303430320841","-0.1080584875161631","0.1870001760101796","-0.9318988353176488","0.134609768550384","0.3114280322733775","0.4322339500646524"
"MVZ57432","0.13121123232503223","0.21621983871128198","0.3056934179973246","0.3468755109663612","-0.11878876767496777","-0.033780161288718004","0.055693417997324614","0.0968755109663612","0.08000993225631431","0.017073618724166167","-0.11878876767496777","0.2102403636258809","-0.9676858458726944","0.14423546388366373","0.3035545083654789","0.47515507069987106"
"MVZ57441","0.13458553156016115","0.21490864708408308","0.301951808752854","0.3485540126029018","-0.11541446843983885","-0.03509135291591691","0.051951808752853997","0.09855401260290178","0.08184073800221375","0.014298037755649121","-0.11541446843983885","0.1729600301317875","-0.9468765253809273","0.14220703149162323","0.30803553794849886","0.4616578737593554"
"MVZ67608","0.13517225841068117","0.22148732804089347","0.30497852645343165","0.3383618870949938","-0.11482774158931883","-0.028512671959106558","0.054978526453431646","0.08836188709499376","0.07157075839883137","0.0177157959392263","-0.11482774158931883","0.2426511102042211","-0.9999956781650104","0.13646110479564344","0.2970996009041445","0.4593109663572753"
"MVZ67701","0.13276661348259905","0.20733744762727246","0.30643800098733","0.35345793790279845","-0.11723338651740095","-0.042662552372727515","0.05643800098732999","0.10345793790279849","0.08948016053508753","0.01841327852817225","-0.11723338651740095","0.20294757220132945","-0.908831468709111","0.14862508156391172","0.31694273700319","0.4689335460696038"
"MVZ69178","0.1361001181959492","0.21046601424554473","0.30519767515996293","0.3482361923985432","-0.11389988180405082","-0.039533985754455235","0.05519767515996292","0.09823619239854316","0.08436665956179516","0.01827628621701775","-0.1138998818040508","0.21333290330485444","-0.9222648680006437","0.14291584572215546","0.3136874320203919","0.4555995272162033"
"MVZ69181","0.14369890801834503","0.21470328453872176","0.3024658232965019","0.3391319841464313","-0.10630109198165497","-0.0352967154612782","0.052465823296501915","0.08913198414643127","0.07619670584923341","0.018065297656355894","-0.10630109198165497","0.23278942831731364","-0.9358803338677668","0.13203111420487068","0.31051213055190463","0.42520436792661986"
"MVZ69184","0.13297167424541928","0.20839070245849867","0.30658111480047134","0.3520565084956107","-0.11702832575458072","-0.04160929754150133","0.05658111480047135","0.10205650849561071","0.08797697956914588","0.018637573577775565","-0.11702832575458072","0.20875959177645023","-0.9155965379851327","0.1475904370611361","0.3152878504188955","0.4681133030183229"
"MVZ90359","0.15260184341540475","0.21401974126953732","0.2991556435057293","0.33422277180932863","-0.09739815658459525","-0.0359802587304627","0.04915564350572932","0.08422277180932862","0.07360902258966796","0.017701984786716272","-0.09739815658459525","0.23600504382534493","-0.910050508099163","0.12336145823583927","0.3166421792816314","0.389592626338381"
"MVZ90360","0.1534858390442011","0.21877030447339496","0.2947192021966123","0.33302465428579164","-0.0965141609557989","-0.031229695526605022","0.04471920219661231","0.08302465428579164","0.06996621448345669","0.013308967837527698","-0.0965141609557989","0.18797419705177296","-0.9350642916026941","0.11994741789237177","0.3106990122084383","0.3860566438231956"
"MVZ90361","0.14133463418234285","0.2250684461986044","0.3036086346403099","0.32998828497874283","-0.10866536581765715","-0.024931553801395567","0.053608634640309884","0.07998828497874283","0.06425001722660346","0.018441535101581644","-0.10866536581765715","0.2795135321623677","-1.019319819075681","0.12757866851008814","0.2935127203366893","0.43466146327062855"
"MVZ90362","0.14563538523727898","0.21744778022263436","0.3010247910787179","0.33589204346136875","-0.10436461476272102","-0.032552219777365665","0.05102479107871791","0.08589204346136879","0.07253200197369768","0.017221500263261566","-0.10436461476272102","0.23311650030708891","-0.9505322704094166","0.1282553866167077","0.30722909989248687","0.4174584590508841"
"MVZ90365","0.14405540518841967","0.2199685033264681","0.3019661897613907","0.3340099017237215","-0.10594459481158033","-0.03003149667353189","0.05196618976139072","0.08400990172372151","0.06983580890668052","0.01766139704839467","-0.10594459481158033","0.2477051434280393","-0.9736703535657357","0.12811409883826752","0.3023139100822347","0.4237783792463213"
"MVZ64678","0.1211563982633751","0.20545036067262296","0.31135332246646974","0.3620399185975322","-0.1288436017366249","-0.04454963932737705","0.06135332246646976","0.11203991859753222","0.09589112899100437","0.01952193329631541","-0.1288436017366249","0.20083966389474997","-0.9212359062621024","0.16179273224487323","0.3139324150833682","0.5153744069464995"
