"","CFRAG","SDTO","STPC","CLPC","BULK","TAWC","ORGC","TOTN","CNrt","CECS","ECEC","TEB","BSAT","ALSA","ESP","PHAQ","TCEQ","GYPS","ELCO"
"MVZ116808",11.175,41.075,33.525,25.4,1.32600002125,15.55,20.856499975,1.657250016,12.375,17.475,15.125,13.3,70.925,4.925,1.45,6.15999997775,6.875,3.8,0.675
"MVZ116809",11.175,41.075,33.525,25.4,1.32600002125,15.55,20.856499975,1.657250016,12.375,17.475,15.125,13.3,70.925,4.925,1.45,6.15999997775,6.875,3.8,0.675
"MVZ120329",10.0333333333333,40.2333333333333,34.3,25.4666666666667,1.294000019,15.6666666666667,21.4566666466667,1.74500001933333,12.5666666666667,17.8333333333333,14.5666666666667,13,68.3666666666667,6.56666666666667,1.4,6.02666665633333,9.16666666666667,2.73333333333333,0.566666666666667
"MVZ120330",10.0333333333333,40.2333333333333,34.3,25.4666666666667,1.294000019,15.6666666666667,21.4566666466667,1.74500001933333,12.5666666666667,17.8333333333333,14.5666666666667,13,68.3666666666667,6.56666666666667,1.4,6.02666665633333,9.16666666666667,2.73333333333333,0.566666666666667
"MVZ19481",9.75714285714286,43.9428571428571,29.9571428571429,26.1,1.45171430557143,15.4,14.3280001435714,1.36799999907143,10.7571428571429,17.8428571428571,21.0142857142857,19.7857142857143,84.2857142857143,0,4.71428571428571,6.84714288671429,16.2428571428571,4.95714285714286,1.17142857142857
"MVZ19482",9.75714285714286,43.9428571428571,29.9571428571429,26.1,1.45171430557143,15.4,14.3280001435714,1.36799999907143,10.7571428571429,17.8428571428571,21.0142857142857,19.7857142857143,84.2857142857143,0,4.71428571428571,6.84714288671429,16.2428571428571,4.95714285714286,1.17142857142857
"MVZ19483",9.75714285714286,43.9428571428571,29.9571428571429,26.1,1.45171430557143,15.4,14.3280001435714,1.36799999907143,10.7571428571429,17.8428571428571,21.0142857142857,19.7857142857143,84.2857142857143,0,4.71428571428571,6.84714288671429,16.2428571428571,4.95714285714286,1.17142857142857
"MVZ19484",9.75714285714286,43.9428571428571,29.9571428571429,26.1,1.45171430557143,15.4,14.3280001435714,1.36799999907143,10.7571428571429,17.8428571428571,21.0142857142857,19.7857142857143,84.2857142857143,0,4.71428571428571,6.84714288671429,16.2428571428571,4.95714285714286,1.17142857142857
"MVZ19486",8.575,48.4,26.35,25.25,1.476000023,14.875,10.98375018625,1.211249986875,10.2,16.825,23.25,22.375,87.5,0,7.05,7.11500003325,21.55,6.075,1.45
"MVZ19487",8.575,48.4,26.35,25.25,1.476000023,14.875,10.98375018625,1.211249986875,10.2,16.825,23.25,22.375,87.5,0,7.05,7.11500003325,21.55,6.075,1.45
"MVZ19488",9.78,47.44,27.32,25.24,1.465200024,14.94,12.598200141,1.2477999907,10.52,16.74,21.96,20.74,85.72,0,5.96,7.004000015,17.24,6.26,1.36
"MVZ19496",9.78,47.44,27.32,25.24,1.465200024,14.94,12.598200141,1.2477999907,10.52,16.74,21.96,20.74,85.72,0,5.96,7.004000015,17.24,6.26,1.36
"MVZ29155",8.825,47.75,27.175,25.075,1.46775001025,15.675,11.98400014625,1.307999993375,10.05,18.025,23.7,22.675,88.075,0,7.225,7.07500004725,23.925,6.075,1.225
"MVZ3471",13.71,44.615,30.505,24.88,1.440250024775,16.4875,14.39397511505,1.260050005875,11.1725,16.9075,20.5425,18.31,82.54,0,1.945,6.883000051,28.6675,10.1125,0.76
"MVZ3472",13.71,44.615,30.505,24.88,1.440250024775,16.4875,14.39397511505,1.260050005875,11.1725,16.9075,20.5425,18.31,82.54,0,1.945,6.883000051,28.6675,10.1125,0.76
"MVZ3473",13.71,44.615,30.505,24.88,1.440250024775,16.4875,14.39397511505,1.260050005875,11.1725,16.9075,20.5425,18.31,82.54,0,1.945,6.883000051,28.6675,10.1125,0.76
"MVZ3479",13.71,44.615,30.505,24.88,1.440250024775,16.4875,14.39397511505,1.260050005875,11.1725,16.9075,20.5425,18.31,82.54,0,1.945,6.883000051,28.6675,10.1125,0.76
"MVZ3667",13.71,44.615,30.505,24.88,1.440250024775,16.4875,14.39397511505,1.260050005875,11.1725,16.9075,20.5425,18.31,82.54,0,1.945,6.883000051,28.6675,10.1125,0.76
"MVZ64599",10.0333333333333,40.7,31.6,27.7,1.45233336333333,14.6666666666667,16.509000175,1.4963333237,11.1333333333333,18.3333333333333,21.4,19.9,83.3333333333333,0,6.5,6.923333342,13.2666666666667,3.2,1.03333333333333
"MVZ90619",10.0333333333333,40.2333333333333,34.3,25.4666666666667,1.294000019,15.6666666666667,21.4566666466667,1.74500001933333,12.5666666666667,17.8333333333333,14.5666666666667,13,68.3666666666667,6.56666666666667,1.4,6.02666665633333,9.16666666666667,2.73333333333333,0.566666666666667
"MVZ10234",17.1666666666667,57.0666666666667,25.4833333333333,17.45,1.44716666058333,15.1,11.2628332280833,0.9549166728,10.3416666666667,13.5166666666667,20.1333333333333,17.675,89.225,0,2.65,7.05583332025,22.7833333333333,11.2666666666667,1.13333333333333
"MVZ10235",17.1666666666667,57.0666666666667,25.4833333333333,17.45,1.44716666058333,15.1,11.2628332280833,0.9549166728,10.3416666666667,13.5166666666667,20.1333333333333,17.675,89.225,0,2.65,7.05583332025,22.7833333333333,11.2666666666667,1.13333333333333
"MVZ24483",17.1666666666667,57.0666666666667,25.4833333333333,17.45,1.44716666058333,15.1,11.2628332280833,0.9549166728,10.3416666666667,13.5166666666667,20.1333333333333,17.675,89.225,0,2.65,7.05583332025,22.7833333333333,11.2666666666667,1.13333333333333
"MVZ5433",17.5428571428571,57.4928571428571,25.2571428571429,17.25,1.450357142,15.0785714285714,10.2827856117143,0.89750000465,10.0571428571429,13.4928571428571,21.4785714285714,19.2785714285714,90.7642857142857,0,2.83571428571429,7.14499998857143,28.4285714285714,12.9142857142857,1.20714285714286
"MVZ5434",17.5428571428571,57.4928571428571,25.2571428571429,17.25,1.450357142,15.0785714285714,10.2827856117143,0.89750000465,10.0571428571429,13.4928571428571,21.4785714285714,19.2785714285714,90.7642857142857,0,2.83571428571429,7.14499998857143,28.4285714285714,12.9142857142857,1.20714285714286
"MVZ5435",17.1666666666667,57.0666666666667,25.4833333333333,17.45,1.44716666058333,15.1,11.2628332280833,0.9549166728,10.3416666666667,13.5166666666667,20.1333333333333,17.675,89.225,0,2.65,7.05583332025,22.7833333333333,11.2666666666667,1.13333333333333
"MVZ5436",17.1666666666667,57.0666666666667,25.4833333333333,17.45,1.44716666058333,15.1,11.2628332280833,0.9549166728,10.3416666666667,13.5166666666667,20.1333333333333,17.675,89.225,0,2.65,7.05583332025,22.7833333333333,11.2666666666667,1.13333333333333
"MVZ78852",15.2,58.1666666666667,24.6333333333333,17.2,1.48399999133333,13.4333333333333,7.997333373,0.862333344533333,10.1,13.3666666666667,21.8666666666667,20.8666666666667,93.7333333333333,0,2.1,7.26333333766667,38.9,4.96666666666667,1
"MVZ82391",12.9,50.4,32.4333333333333,17.1666666666667,1.422666658,18.0333333333333,10.990999932,1.1016666627,10.4333333333333,14.9333333333333,27.2666666666667,25.2,90.2333333333333,0,2.56666666666667,7.34333331,47.7333333333333,20.7333333333333,1
"MVZ63384",11.55,57.7,33.6,8.7,1.1760000485,22.65,47.285999465,3.631000019,17.1,20.75,10.6,6.85,30.2,31.2,1,4.7499998775,0,0.05,0.15
"MVZ63386",11.55,57.7,33.6,8.7,1.1760000485,22.65,47.285999465,3.631000019,17.1,20.75,10.6,6.85,30.2,31.2,1,4.7499998775,0,0.05,0.15
"MVZ102726",10.48,48.42,27.18,24.4,1.4708000184,15.78,11.4278000556,1.16379998734,10.1,16.46,23.64,22.56,88.38,0,6.24,7.200000029,31.38,10.18,1.36
"MVZ102727",10.48,48.42,27.18,24.4,1.4708000184,15.78,11.4278000556,1.16379998734,10.1,16.46,23.64,22.56,88.38,0,6.24,7.200000029,31.38,10.18,1.36
"MVZ140817",10.05,50.65,30.8,18.55,1.4804999895,15.1,6.467999889,0.7920000107,9.6,13.95,34.7,34.9,97.05,0,10.85,7.854999924,90.8,16.1,3.3
"MVZ162726",13.5,59,24.85,16.15,1.48549999,13.75,6.5234999675,0.74750000825,9.75,12.5,24.55,23.8,94.75,0,2.35,7.499999929,61.2,6.15,1
"MVZ162727",13.5,59,24.85,16.15,1.48549999,13.75,6.5234999675,0.74750000825,9.75,12.5,24.55,23.8,94.75,0,2.35,7.499999929,61.2,6.15,1
"MVZ162729",13.5,59,24.85,16.15,1.48549999,13.75,6.5234999675,0.74750000825,9.75,12.5,24.55,23.8,94.75,0,2.35,7.499999929,61.2,6.15,1
"MVZ162730",13.5,59,24.85,16.15,1.48549999,13.75,6.5234999675,0.74750000825,9.75,12.5,24.55,23.8,94.75,0,2.35,7.499999929,61.2,6.15,1
"MVZ19502",11.78,47.52,27.66,24.82,1.463800026,15.62,12.3056000626,1.14079999832,10.58,15.94,20.96,19.86,85.3,0,3.06,6.9580000122,23.42,10.06,1.34
"MVZ22501",12.25,54.55,27.45,18,1.262500017,13.8,16.8379998035,1.31950001325,12.45,12.25,15.75,13.9,68.5,9.85,1.65,6.3449998855,32.9,4.75,0.65
"MVZ22502",12.25,54.55,27.45,18,1.262500017,13.8,16.8379998035,1.31950001325,12.45,12.25,15.75,13.9,68.5,9.85,1.65,6.3449998855,32.9,4.75,0.65
"MVZ24550",11.35,52.3,27.525,20.175,1.37475001225,15.3,13.0012499,1.1575000044,10.925,13.6,19.775,19.125,80.625,4.925,3.4,6.8524999625,38.65,11.075,1.3
"MVZ29153",10.3,51.6166666666667,26.3333333333333,22.05,1.40233334866667,14.7333333333333,13.1770000021667,1.23349999491667,10.8666666666667,15.1333333333333,20.5333333333333,19.3166666666667,81.75,3.28333333333333,5.36666666666667,6.86166663933333,23.8,7.11666666666667,1.18333333333333
"MVZ29166",14.1,48.2333333333333,29.3666666666667,22.4,1.46400001133333,15.7333333333333,12.3566666003333,1.07266666906667,10.4333333333333,15.2666666666667,22.0666666666667,21.1,88.7,0,2.13333333333333,7.173333312,42.4333333333333,11.7333333333333,1
"MVZ29169",14.1,48.2333333333333,29.3666666666667,22.4,1.46400001133333,15.7333333333333,12.3566666003333,1.07266666906667,10.4333333333333,15.2666666666667,22.0666666666667,21.1,88.7,0,2.13333333333333,7.173333312,42.4333333333333,11.7333333333333,1
"MVZ29170",14.1,48.2333333333333,29.3666666666667,22.4,1.46400001133333,15.7333333333333,12.3566666003333,1.07266666906667,10.4333333333333,15.2666666666667,22.0666666666667,21.1,88.7,0,2.13333333333333,7.173333312,42.4333333333333,11.7333333333333,1
"MVZ29172",14.1,48.2333333333333,29.3666666666667,22.4,1.46400001133333,15.7333333333333,12.3566666003333,1.07266666906667,10.4333333333333,15.2666666666667,22.0666666666667,21.1,88.7,0,2.13333333333333,7.173333312,42.4333333333333,11.7333333333333,1
"MVZ29173",13.9,51.4,27.9,20.7,1.457000006,14.5,12.745999964,1.074000007,10.7,14.6,20.4,19.1,87.4,0,2,7.019999933,28.3,7.3,1
"MVZ29177",13.9,51.4,27.9,20.7,1.457000006,14.5,12.745999964,1.074000007,10.7,14.6,20.4,19.1,87.4,0,2,7.019999933,28.3,7.3,1
"MVZ82393",10.48,48.42,27.18,24.4,1.4708000184,15.78,11.4278000556,1.16379998734,10.1,16.46,23.64,22.56,88.38,0,6.24,7.200000029,31.38,10.18,1.36
"MVZ82394",10.48,48.42,27.18,24.4,1.4708000184,15.78,11.4278000556,1.16379998734,10.1,16.46,23.64,22.56,88.38,0,6.24,7.200000029,31.38,10.18,1.36
"MVZ139540",17.2575,54.91125,26.4875,18.60125,1.4222125338375,15.72875,9.9030375205875,0.850087493455,11.335,14.35375,28.245,25.8075,89.11875,0.20625,3.5575,7.4997499605375,67.1125,12.2625,1.0375
"MVZ139544",16.5728571428571,54.87,26.9714285714286,18.1585714285714,1.42117146088571,15.6828571428571,9.36411429402857,0.831885708884286,11.1185714285714,13.8471428571429,29.1514285714286,26.3442857142857,88.95,0.235714285714286,3.76571428571429,7.5654285249,74,11.8642857142857,1.10714285714286
"MVZ139545",18.24,55.1942857142857,26.1314285714286,18.6742857142857,1.42265718064286,15.5642857142857,10.4396000386714,0.856199993268572,11.66,14.43,26.78,24.08,88.11,0.235714285714286,2.26857142857143,7.4215714041,60.5385714285714,9.62571428571429,0.764285714285714
"MVZ139546",16.5728571428571,54.87,26.9714285714286,18.1585714285714,1.42117146088571,15.6828571428571,9.36411429402857,0.831885708884286,11.1185714285714,13.8471428571429,29.1514285714286,26.3442857142857,88.95,0.235714285714286,3.76571428571429,7.5654285249,74,11.8642857142857,1.10714285714286
"MVZ143776",16.05375,56.35625,27.06625,16.5775,1.421262533875,15.2925,8.1440750008,0.7572624958825,10.845,12.2725,29.5175,25.34875,87.77625,0.20625,2.52375,7.67737497425,86.0075,8.18125,0.8775
"MVZ152933",16.57875,57.84375,25.85375,16.3025,1.42426253575,15.355,7.98757504305,0.730512493095,10.82,12.4475,27.755,24.14875,88.87625,0.20625,2.61125,7.607374999625,73.7325,12.89375,0.8775
"MVZ152934",16.05375,56.35625,27.06625,16.5775,1.421262533875,15.2925,8.1440750008,0.7572624958825,10.845,12.2725,29.5175,25.34875,87.77625,0.20625,2.52375,7.67737497425,86.0075,8.18125,0.8775
"MVZ102593",16.585,45.5,39,15.5,1.32189998715,16.995,23.677299612,1.80140000585,13.03,17.265,21.285,15.105,72.38,3.795,1.805,6.48099992305,13.745,15.935,1.3
"MVZ102594",16.585,45.5,39,15.5,1.32189998715,16.995,23.677299612,1.80140000585,13.03,17.265,21.285,15.105,72.38,3.795,1.805,6.48099992305,13.745,15.935,1.3
"MVZ102596",16.585,45.5,39,15.5,1.32189998715,16.995,23.677299612,1.80140000585,13.03,17.265,21.285,15.105,72.38,3.795,1.805,6.48099992305,13.745,15.935,1.3
"MVZ102600",11.95,58.15,28.65,13.2,1.07750000315,23.5,109.8120024,4.887999934,21.75,35.75,19.2,12.5,25,26.2,1.45,4.735000133,0,0.45,0.3
"MVZ102601",11.95,58.15,28.65,13.2,1.07750000315,23.5,109.8120024,4.887999934,21.75,35.75,19.2,12.5,25,26.2,1.45,4.735000133,0,0.45,0.3
"MVZ102604",12.4,38.325,43.85,17.825,1.3082499705,17.175,30.1637501175,2.26500002075,12.9,20.275,18.725,16.7,73.7,8.775,1.15,6.1624999615,0,6.825,1
"MVZ102608",12.4,38.325,43.85,17.825,1.3082499705,17.175,30.1637501175,2.26500002075,12.9,20.275,18.725,16.7,73.7,8.775,1.15,6.1624999615,0,6.825,1
"MVZ102610",12.4,38.325,43.85,17.825,1.3082499705,17.175,30.1637501175,2.26500002075,12.9,20.275,18.725,16.7,73.7,8.775,1.15,6.1624999615,0,6.825,1
"MVZ102612",14.625,55,32.65,12.35,1.196250007,20.275,51.2715004775,2.82699996675,17.575,22.85,12.4,6.425,29.85,27.5,1.3,5.022499943,0,5.65,0.475
"MVZ102614",14.625,55,32.65,12.35,1.196250007,20.275,51.2715004775,2.82699996675,17.575,22.85,12.4,6.425,29.85,27.5,1.3,5.022499943,0,5.65,0.475
"MVZ102623",14.075,48.8,37.3,13.9,1.1177500034,20.75,57.10024989,3.315999954,16.375,21.575,11.65,7.55,36.75,20.325,1.55,5.197499872,0,4.925,0.75
"MVZ158333",12.3,38.7,42.9,18.4,0.8010000044,23.5,128.75099957,7.08499985,14.6,39.2,35.8,37.9,84.5,0,1.2,6.589999911,0,4,1
"MVZ42658",12.4,38.325,43.85,17.825,1.3082499705,17.175,30.1637501175,2.26500002075,12.9,20.275,18.725,16.7,73.7,8.775,1.15,6.1624999615,0,6.825,1
"MVZ42659",12.4,38.325,43.85,17.825,1.3082499705,17.175,30.1637501175,2.26500002075,12.9,20.275,18.725,16.7,73.7,8.775,1.15,6.1624999615,0,6.825,1
"MVZ82368",12.4,38.325,43.85,17.825,1.3082499705,17.175,30.1637501175,2.26500002075,12.9,20.275,18.725,16.7,73.7,8.775,1.15,6.1624999615,0,6.825,1
"MVZ102618",12.1,41.4,41.36,17.24,1.25779998764,18.64,32.8575999966,2.37159997446,13.72,20.3,19.32,16.82,70.72,6.94,1.44,6.3039999478,5.58,6.64,1.1
"MVZ158332",12.3,38.7,42.9,18.4,0.8010000044,23.5,128.75099957,7.08499985,14.6,39.2,35.8,37.9,84.5,0,1.2,6.589999911,0,4,1
"MVZ158334",12.3,38.7,42.9,18.4,0.8010000044,23.5,128.75099957,7.08499985,14.6,39.2,35.8,37.9,84.5,0,1.2,6.589999911,0,4,1
"MVZ158335",12.3,38.7,42.9,18.4,0.8010000044,23.5,128.75099957,7.08499985,14.6,39.2,35.8,37.9,84.5,0,1.2,6.589999911,0,4,1
"MVZ158337",12.3,38.7,42.9,18.4,0.8010000044,23.5,128.75099957,7.08499985,14.6,39.2,35.8,37.9,84.5,0,1.2,6.589999911,0,4,1
"MVZ59518",13.64,61.43,22.9366666666667,15.6333333333333,1.43873336956667,15.5633333333333,6.18900001813333,0.635733326643333,9.8,11.4066666666667,24.0433333333333,22.0333333333333,88.2933333333333,0,2.33666666666667,7.3679999803,57.9666666666667,15.23,0.98
"MVZ59534",13.17,50.125,28.56,21.315,1.47265002015,15.245,5.89764988515,0.709499999665,8.895,16.895,36.685,36.82,99.57,0,3.655,7.99599989805,97.71,16.29,1.225
"MVZ59535",13.17,50.125,28.56,21.315,1.47265002015,15.245,5.89764988515,0.709499999665,8.895,16.895,36.685,36.82,99.57,0,3.655,7.99599989805,97.71,16.29,1.225
"MVZ59538",13.17,50.125,28.56,21.315,1.47265002015,15.245,5.89764988515,0.709499999665,8.895,16.895,36.685,36.82,99.57,0,3.655,7.99599989805,97.71,16.29,1.225
"MVZ59539",13.17,50.125,28.56,21.315,1.47265002015,15.245,5.89764988515,0.709499999665,8.895,16.895,36.685,36.82,99.57,0,3.655,7.99599989805,97.71,16.29,1.225
"MVZ59541",13.17,50.125,28.56,21.315,1.47265002015,15.245,5.89764988515,0.709499999665,8.895,16.895,36.685,36.82,99.57,0,3.655,7.99599989805,97.71,16.29,1.225
"MVZ59542",13.17,50.125,28.56,21.315,1.47265002015,15.245,5.89764988515,0.709499999665,8.895,16.895,36.685,36.82,99.57,0,3.655,7.99599989805,97.71,16.29,1.225
"MVZ59543",13.17,50.125,28.56,21.315,1.47265002015,15.245,5.89764988515,0.709499999665,8.895,16.895,36.685,36.82,99.57,0,3.655,7.99599989805,97.71,16.29,1.225
"MVZ59545",13.17,50.125,28.56,21.315,1.47265002015,15.245,5.89764988515,0.709499999665,8.895,16.895,36.685,36.82,99.57,0,3.655,7.99599989805,97.71,16.29,1.225
"MVZ59552",13.17,50.125,28.56,21.315,1.47265002015,15.245,5.89764988515,0.709499999665,8.895,16.895,36.685,36.82,99.57,0,3.655,7.99599989805,97.71,16.29,1.225
"MVZ59558",13.17,50.125,28.56,21.315,1.47265002015,15.245,5.89764988515,0.709499999665,8.895,16.895,36.685,36.82,99.57,0,3.655,7.99599989805,97.71,16.29,1.225
"MVZ59559",13.17,50.125,28.56,21.315,1.47265002015,15.245,5.89764988515,0.709499999665,8.895,16.895,36.685,36.82,99.57,0,3.655,7.99599989805,97.71,16.29,1.225
"MVZ59560",13.17,50.125,28.56,21.315,1.47265002015,15.245,5.89764988515,0.709499999665,8.895,16.895,36.685,36.82,99.57,0,3.655,7.99599989805,97.71,16.29,1.225
"MVZ59563",15.66,54.8,28.34,16.86,1.457800035,14.38,5.6411998556,0.67720000154,8.68,13.68,33.78,33.46,99.94,0,3.08,7.9439999028,98.48,14.1,1.32
"MVZ73374",17.5,38.3,46.7,15,0.729333327333333,27.3,213.42733557,8.51266677433333,19.9666666666667,49.2,22.5,17.3666666666667,43.8666666666667,9.33333333333333,1.46666666666667,5.09999991966667,0,7.13333333333333,0.966666666666667
"MVZ82371",12.4,38.325,43.85,17.825,1.3082499705,17.175,30.1637501175,2.26500002075,12.9,20.275,18.725,16.7,73.7,8.775,1.15,6.1624999615,0,6.825,1
"MVZ120124",12.55,40.35,33.25,26.4,1.436000027,16.6,14.4199999765,1.3089999976,10.75,17.4,22,21.55,86.75,0,2,6.980000044,35.35,13.5,1
"MVZ120125",12.55,40.35,33.25,26.4,1.436000027,16.6,14.4199999765,1.3089999976,10.75,17.4,22,21.55,86.75,0,2,6.980000044,35.35,13.5,1
"MVZ120127",12.55,40.35,33.25,26.4,1.436000027,16.6,14.4199999765,1.3089999976,10.75,17.4,22,21.55,86.75,0,2,6.980000044,35.35,13.5,1
"MVZ120131",12.55,40.35,33.25,26.4,1.436000027,16.6,14.4199999765,1.3089999976,10.75,17.4,22,21.55,86.75,0,2,6.980000044,35.35,13.5,1
"MVZ120132",12.55,40.35,33.25,26.4,1.436000027,16.6,14.4199999765,1.3089999976,10.75,17.4,22,21.55,86.75,0,2,6.980000044,35.35,13.5,1
"MVZ120133",12.55,40.35,33.25,26.4,1.436000027,16.6,14.4199999765,1.3089999976,10.75,17.4,22,21.55,86.75,0,2,6.980000044,35.35,13.5,1
"MVZ174004",12.025,38.025,33.95,28.025,1.43475002575,16.1,16.92525009825,1.4962500103,11.225,18.9,19.95,19.075,82.95,0,1.675,6.700000036,20.05,7.25,0.775
"MVZ174005",12.55,40.35,33.25,26.4,1.436000027,16.6,14.4199999765,1.3089999976,10.75,17.4,22,21.55,86.75,0,2,6.980000044,35.35,13.5,1
"MVZ174006",14.5,41.9,32.3,25.8,1.478000022,18.2,11.577999873,1.0699999932,9.9,16.6,25.4,25.1,91.3,0,2.4,7.48000007,70.7,20.6,1
"MVZ176999",10.7,46.1666666666667,29.9666666666667,23.8666666666667,1.45166668633333,16.1666666666667,11.922000024,1.1753333312,10.2333333333333,15.8333333333333,22.4333333333333,22.1,88.2666666666667,0,3.93333333333333,7.08000003566667,32.6666666666667,12.7666666666667,1.63333333333333
"MVZ177000",12.55,40.35,33.25,26.4,1.436000027,16.6,14.4199999765,1.3089999976,10.75,17.4,22,21.55,86.75,0,2,6.980000044,35.35,13.5,1
"MVZ177001",12.55,40.35,33.25,26.4,1.436000027,16.6,14.4199999765,1.3089999976,10.75,17.4,22,21.55,86.75,0,2,6.980000044,35.35,13.5,1
"MVZ177002",10.7,46.1666666666667,29.9666666666667,23.8666666666667,1.45166668633333,16.1666666666667,11.922000024,1.1753333312,10.2333333333333,15.8333333333333,22.4333333333333,22.1,88.2666666666667,0,3.93333333333333,7.08000003566667,32.6666666666667,12.7666666666667,1.63333333333333
"MVZ177003",9.16666666666667,51.7333333333333,27.6,20.6666666666667,1.43733333933333,16.1666666666667,10.004000044,1.09666665793333,9.93333333333333,14.5666666666667,23.8,23.5666666666667,89.2333333333333,0,4.26666666666667,7.149999968,30.8,13.7,1.63333333333333
"MVZ177004",10.7,46.1666666666667,29.9666666666667,23.8666666666667,1.45166668633333,16.1666666666667,11.922000024,1.1753333312,10.2333333333333,15.8333333333333,22.4333333333333,22.1,88.2666666666667,0,3.93333333333333,7.08000003566667,32.6666666666667,12.7666666666667,1.63333333333333
"MVZ177005",11.6666666666667,46.4333333333333,30.5666666666667,23,1.43566667833333,17.1333333333333,11.5546666286667,1.1506666562,10.1666666666667,15.8666666666667,24.5,24.2,89.2333333333333,0,2.46666666666667,7.21666665166667,45.2666666666667,16.8,1
"MVZ177006",10.4666666666667,52.7666666666667,26.9666666666667,20.2666666666667,1.465333336,17.2333333333333,8.10933330833333,0.937333321666667,9.36666666666667,14.0333333333333,26.0666666666667,25.9333333333333,92.2666666666667,0,4.53333333333333,7.48333331866667,54.3666666666667,18.4333333333333,1.63333333333333
"MVZ177009",10.5,49.275,28.775,21.95,1.44750001,16.675,10.39750000125,1.08999999175,9.925,15.075,24.2,23.95,89.75,0,3.8,7.2324999935,40.775,15.425,1.475
"MVZ177010",10.7,46.1666666666667,29.9666666666667,23.8666666666667,1.45166668633333,16.1666666666667,11.922000024,1.1753333312,10.2333333333333,15.8333333333333,22.4333333333333,22.1,88.2666666666667,0,3.93333333333333,7.08000003566667,32.6666666666667,12.7666666666667,1.63333333333333
"MVZ58402",12.55,40.35,33.25,26.4,1.436000027,16.6,14.4199999765,1.3089999976,10.75,17.4,22,21.55,86.75,0,2,6.980000044,35.35,13.5,1
"MVZ132294",13.1666666666667,54,27.7666666666667,18.2333333333333,1.339000014,13.7333333333333,14.342666582,1.20566668006667,11.7,13.2333333333333,17.5333333333333,16.2666666666667,77.7,6.56666666666667,1.66666666666667,6.61666658733333,33.3,3.53333333333333,0.766666666666667
"MVZ132295",14.4,55.85,26.75,17.4,1.485500002,13.65,7.981500053,0.8595000111,10.05,13.7,23.1,22.3,94.7,0,2,7.3399999625,49.95,2.9,1
"MVZ162686",10.9,50.575,30.7,18.725,1.3605000025,15.4,12.223249868,1.11075000535,11,14.075,26.825,26.3,84.225,4.925,6.75,7.15999989525,61.875,14.2,1.975
"MVZ162687",10.9,50.575,30.7,18.725,1.3605000025,15.4,12.223249868,1.11075000535,11,14.075,26.825,26.3,84.225,4.925,6.75,7.15999989525,61.875,14.2,1.975
"MVZ162689",10.9,50.575,30.7,18.725,1.3605000025,15.4,12.223249868,1.11075000535,11,14.075,26.825,26.3,84.225,4.925,6.75,7.15999989525,61.875,14.2,1.975
"MVZ162691",10.9,50.575,30.7,18.725,1.3605000025,15.4,12.223249868,1.11075000535,11,14.075,26.825,26.3,84.225,4.925,6.75,7.15999989525,61.875,14.2,1.975
"MVZ165396",11.48,52.22,29.58,18.2,1.3842000012,15.06,11.1007998878,1.03680000598,10.78,13.7,26.48,25.76,86.04,3.94,5.86,7.231999903,62.66,12.3,1.78
"MVZ165398",10.9,50.575,30.7,18.725,1.3605000025,15.4,12.223249868,1.11075000535,11,14.075,26.825,26.3,84.225,4.925,6.75,7.15999989525,61.875,14.2,1.975
"MVZ165400",11.48,52.22,29.58,18.2,1.3842000012,15.06,11.1007998878,1.03680000598,10.78,13.7,26.48,25.76,86.04,3.94,5.86,7.231999903,62.66,12.3,1.78
"MVZ165401",11.48,52.22,29.58,18.2,1.3842000012,15.06,11.1007998878,1.03680000598,10.78,13.7,26.48,25.76,86.04,3.94,5.86,7.231999903,62.66,12.3,1.78
"MVZ165402",11.48,52.22,29.58,18.2,1.3842000012,15.06,11.1007998878,1.03680000598,10.78,13.7,26.48,25.76,86.04,3.94,5.86,7.231999903,62.66,12.3,1.78
"MVZ180084",12.4,45.55,33.3,21.15,1.45450000875,16.55,9.311250041,0.9897499994,10.3,17,33.2,32.075,95.55,0,6.875,7.65249995075,70.95,13.725,2.1
"MVZ180088",12.4,45.55,33.3,21.15,1.45450000875,16.55,9.311250041,0.9897499994,10.3,17,33.2,32.075,95.55,0,6.875,7.65249995075,70.95,13.725,2.1
"MVZ180089",12.4,45.55,33.3,21.15,1.45450000875,16.55,9.311250041,0.9897499994,10.3,17,33.2,32.075,95.55,0,6.875,7.65249995075,70.95,13.725,2.1
"MVZ180090",12.4,45.55,33.3,21.15,1.45450000875,16.55,9.311250041,0.9897499994,10.3,17,33.2,32.075,95.55,0,6.875,7.65249995075,70.95,13.725,2.1
"MVZ165717",13.8,58.8,25.1,16.1,1.478999996,13.7,6.610999967,0.7410000085,9.9,12.2,25.1,23.6,93.3,0,2.3,7.519999934,65.8,4.7,1
"MVZ165718",13.8,58.8,25.1,16.1,1.478999996,13.7,6.610999967,0.7410000085,9.9,12.2,25.1,23.6,93.3,0,2.3,7.519999934,65.8,4.7,1
"MVZ165720",13.8,58.8,25.1,16.1,1.478999996,13.7,6.610999967,0.7410000085,9.9,12.2,25.1,23.6,93.3,0,2.3,7.519999934,65.8,4.7,1
"MVZ165729",13.5,59,24.85,16.15,1.48549999,13.75,6.5234999675,0.74750000825,9.75,12.5,24.55,23.8,94.75,0,2.35,7.499999929,61.2,6.15,1
"MVZ165730",13.8,58.8,25.1,16.1,1.478999996,13.7,6.610999967,0.7410000085,9.9,12.2,25.1,23.6,93.3,0,2.3,7.519999934,65.8,4.7,1
"MVZ1066",10.4,50.25,29.325,20.425,1.4805000015,15.925,7.8599999425,0.89050000325,9.575,14.3,29.525,29.525,94.175,0,7.975,7.61749998425,69.9,16.025,2.625
"MVZ74244",13.2,59.2,24.6,16.2,1.491999984,13.8,6.435999968,0.754000008,9.6,12.8,24,24,96.2,0,2.4,7.479999924,56.6,7.6,1
"MVZ74245",13.2,59.2,24.6,16.2,1.491999984,13.8,6.435999968,0.754000008,9.6,12.8,24,24,96.2,0,2.4,7.479999924,56.6,7.6,1
"MVZ74248",13.2,59.2,24.6,16.2,1.491999984,13.8,6.435999968,0.754000008,9.6,12.8,24,24,96.2,0,2.4,7.479999924,56.6,7.6,1
"MVZ74249",13.2,59.2,24.6,16.2,1.491999984,13.8,6.435999968,0.754000008,9.6,12.8,24,24,96.2,0,2.4,7.479999924,56.6,7.6,1
"MVZ74251",13.2,59.2,24.6,16.2,1.491999984,13.8,6.435999968,0.754000008,9.6,12.8,24,24,96.2,0,2.4,7.479999924,56.6,7.6,1
"MVZ74252",13.2,59.2,24.6,16.2,1.491999984,13.8,6.435999968,0.754000008,9.6,12.8,24,24,96.2,0,2.4,7.479999924,56.6,7.6,1
"MVZ74253",13.2,59.2,24.6,16.2,1.491999984,13.8,6.435999968,0.754000008,9.6,12.8,24,24,96.2,0,2.4,7.479999924,56.6,7.6,1
"MVZ74254",13.2,59.2,24.6,16.2,1.491999984,13.8,6.435999968,0.754000008,9.6,12.8,24,24,96.2,0,2.4,7.479999924,56.6,7.6,1
"MVZ74255",13.2,59.2,24.6,16.2,1.491999984,13.8,6.435999968,0.754000008,9.6,12.8,24,24,96.2,0,2.4,7.479999924,56.6,7.6,1
"MVZ74457",13.2,59.2,24.6,16.2,1.491999984,13.8,6.435999968,0.754000008,9.6,12.8,24,24,96.2,0,2.4,7.479999924,56.6,7.6,1
"MVZ8090",13.0571428571429,54.9542857142857,26.5114285714286,18.5342857142857,1.4611142887,16.1585714285714,7.36944284965714,0.77174285386,10.3985714285714,13.4385714285714,28.1928571428571,25.8285714285714,90.4514285714286,0,7.06285714285714,7.57228573831429,62.1757142857143,15.9814285714286,2.38
"MVZ852",9.03333333333333,53.0333333333333,28.3333333333333,18.6333333333333,1.481333328,15.1666666666667,6.62066663233333,0.830666673266667,9.46666666666667,13.5333333333333,30.9,31,95.1333333333333,0,9.83333333333333,7.663333289,69.6333333333333,14.5,3.16666666666667
"MVZ853",10.4,50.25,29.325,20.425,1.4805000015,15.925,7.8599999425,0.89050000325,9.575,14.3,29.525,29.525,94.175,0,7.975,7.61749998425,69.9,16.025,2.625
"MVZ854",10.4,50.25,29.325,20.425,1.4805000015,15.925,7.8599999425,0.89050000325,9.575,14.3,29.525,29.525,94.175,0,7.975,7.61749998425,69.9,16.025,2.625
"MVZ855",10.4,50.25,29.325,20.425,1.4805000015,15.925,7.8599999425,0.89050000325,9.575,14.3,29.525,29.525,94.175,0,7.975,7.61749998425,69.9,16.025,2.625
"MVZ961",10.4,50.25,29.325,20.425,1.4805000015,15.925,7.8599999425,0.89050000325,9.575,14.3,29.525,29.525,94.175,0,7.975,7.61749998425,69.9,16.025,2.625
"MVZ966",10.4,50.25,29.325,20.425,1.4805000015,15.925,7.8599999425,0.89050000325,9.575,14.3,29.525,29.525,94.175,0,7.975,7.61749998425,69.9,16.025,2.625
"MVZ102733",11.912,55.524,26.572,17.904,1.46675999416,15.672,6.57423998548,0.745799999904,10.3,13.448,30.196,28.152,92.26,0,8.872,7.66280000404,66.012,14.684,2.944
"MVZ102734",11.912,55.524,26.572,17.904,1.46675999416,15.672,6.57423998548,0.745799999904,10.3,13.448,30.196,28.152,92.26,0,8.872,7.66280000404,66.012,14.684,2.944
"MVZ163175",8.275,33.775,38.525,27.7,1.358750032525,15.5,21.7507500125,1.74175000025,12.6,22.45,22.625,21.725,77.625,4.925,1.25,6.31749994875,26.425,2.85,0.45
"MVZ163176",10.3666666666667,39.5,39.6333333333333,20.8666666666667,1.27633336203333,15.7333333333333,22.9489998433333,1.733666671,13.1333333333333,17.6,16.2333333333333,15.3,73.2333333333333,6.56666666666667,1.2,6.16333322566667,9.9,1.93333333333333,0.533333333333333
"MVZ163177",10.3666666666667,39.5,39.6333333333333,20.8666666666667,1.27633336203333,15.7333333333333,22.9489998433333,1.733666671,13.1333333333333,17.6,16.2333333333333,15.3,73.2333333333333,6.56666666666667,1.2,6.16333322566667,9.9,1.93333333333333,0.533333333333333
"MVZ163179",8.275,33.775,38.525,27.7,1.358750032525,15.5,21.7507500125,1.74175000025,12.6,22.45,22.625,21.725,77.625,4.925,1.25,6.31749994875,26.425,2.85,0.45
"MVZ163180",10.3666666666667,39.5,39.6333333333333,20.8666666666667,1.27633336203333,15.7333333333333,22.9489998433333,1.733666671,13.1333333333333,17.6,16.2333333333333,15.3,73.2333333333333,6.56666666666667,1.2,6.16333322566667,9.9,1.93333333333333,0.533333333333333
"MVZ163216",10.3666666666667,39.5,39.6333333333333,20.8666666666667,1.27633336203333,15.7333333333333,22.9489998433333,1.733666671,13.1333333333333,17.6,16.2333333333333,15.3,73.2333333333333,6.56666666666667,1.2,6.16333322566667,9.9,1.93333333333333,0.533333333333333
"MVZ163217",8.275,33.775,38.525,27.7,1.358750032525,15.5,21.7507500125,1.74175000025,12.6,22.45,22.625,21.725,77.625,4.925,1.25,6.31749994875,26.425,2.85,0.45
"MVZ163218",10.3666666666667,39.5,39.6333333333333,20.8666666666667,1.27633336203333,15.7333333333333,22.9489998433333,1.733666671,13.1333333333333,17.6,16.2333333333333,15.3,73.2333333333333,6.56666666666667,1.2,6.16333322566667,9.9,1.93333333333333,0.533333333333333
"MVZ163219",8.275,33.775,38.525,27.7,1.358750032525,15.5,21.7507500125,1.74175000025,12.6,22.45,22.625,21.725,77.625,4.925,1.25,6.31749994875,26.425,2.85,0.45
"MVZ163220",8.275,33.775,38.525,27.7,1.358750032525,15.5,21.7507500125,1.74175000025,12.6,22.45,22.625,21.725,77.625,4.925,1.25,6.31749994875,26.425,2.85,0.45
"MVZ163234",10.3666666666667,39.5,39.6333333333333,20.8666666666667,1.27633336203333,15.7333333333333,22.9489998433333,1.733666671,13.1333333333333,17.6,16.2333333333333,15.3,73.2333333333333,6.56666666666667,1.2,6.16333322566667,9.9,1.93333333333333,0.533333333333333
"MVZ163237",10.3666666666667,39.5,39.6333333333333,20.8666666666667,1.27633336203333,15.7333333333333,22.9489998433333,1.733666671,13.1333333333333,17.6,16.2333333333333,15.3,73.2333333333333,6.56666666666667,1.2,6.16333322566667,9.9,1.93333333333333,0.533333333333333
"MVZ163239",10.3666666666667,39.5,39.6333333333333,20.8666666666667,1.27633336203333,15.7333333333333,22.9489998433333,1.733666671,13.1333333333333,17.6,16.2333333333333,15.3,73.2333333333333,6.56666666666667,1.2,6.16333322566667,9.9,1.93333333333333,0.533333333333333
"MVZ163242",10.3666666666667,39.5,39.6333333333333,20.8666666666667,1.27633336203333,15.7333333333333,22.9489998433333,1.733666671,13.1333333333333,17.6,16.2333333333333,15.3,73.2333333333333,6.56666666666667,1.2,6.16333322566667,9.9,1.93333333333333,0.533333333333333
"MVZ163243",10.3666666666667,39.5,39.6333333333333,20.8666666666667,1.27633336203333,15.7333333333333,22.9489998433333,1.733666671,13.1333333333333,17.6,16.2333333333333,15.3,73.2333333333333,6.56666666666667,1.2,6.16333322566667,9.9,1.93333333333333,0.533333333333333
"MVZ163247",10.3666666666667,39.5,39.6333333333333,20.8666666666667,1.27633336203333,15.7333333333333,22.9489998433333,1.733666671,13.1333333333333,17.6,16.2333333333333,15.3,73.2333333333333,6.56666666666667,1.2,6.16333322566667,9.9,1.93333333333333,0.533333333333333
"MVZ163249",10.3666666666667,39.5,39.6333333333333,20.8666666666667,1.27633336203333,15.7333333333333,22.9489998433333,1.733666671,13.1333333333333,17.6,16.2333333333333,15.3,73.2333333333333,6.56666666666667,1.2,6.16333322566667,9.9,1.93333333333333,0.533333333333333
"MVZ163250",10.3666666666667,39.5,39.6333333333333,20.8666666666667,1.27633336203333,15.7333333333333,22.9489998433333,1.733666671,13.1333333333333,17.6,16.2333333333333,15.3,73.2333333333333,6.56666666666667,1.2,6.16333322566667,9.9,1.93333333333333,0.533333333333333
"MVZ163251",10.3666666666667,39.5,39.6333333333333,20.8666666666667,1.27633336203333,15.7333333333333,22.9489998433333,1.733666671,13.1333333333333,17.6,16.2333333333333,15.3,73.2333333333333,6.56666666666667,1.2,6.16333322566667,9.9,1.93333333333333,0.533333333333333
"MVZ163254",10.3666666666667,39.5,39.6333333333333,20.8666666666667,1.27633336203333,15.7333333333333,22.9489998433333,1.733666671,13.1333333333333,17.6,16.2333333333333,15.3,73.2333333333333,6.56666666666667,1.2,6.16333322566667,9.9,1.93333333333333,0.533333333333333
"MVZ149571",16.57875,57.84375,25.85375,16.3025,1.42426253575,15.355,7.98757504305,0.730512493095,10.82,12.4475,27.755,24.14875,88.87625,0.20625,2.61125,7.607374999625,73.7325,12.89375,0.8775
"MVZ149572",16.27,57.4277777777778,26.2811111111111,16.2911111111111,1.42445559122222,15.26,7.87917780404444,0.730899994228889,10.7511111111111,12.3533333333333,28.46,24.7544444444444,88.9122222222222,0.183333333333333,2.57666666666667,7.64655554377778,78.4511111111111,11.7166666666667,0.891111111111111
"MVZ58954",16.0816666666667,57.0133333333333,25.33,17.6566666666667,1.45250001025,14.4966666666667,9.46984999293333,0.879966671035,10.4066666666667,13.9183333333333,22.83,21.2966666666667,92.0116666666667,0,4.15666666666667,7.27383335635,38.5183333333333,12.9116666666667,1.6
"MVZ67284",10.45,34.25,40,25.75,1.4815000065,17.45,17.153499805,1.5390000115,11,20.25,25.55,23.8,85.55,0,1.6,6.739999986,29.1,7.75,0.9
"MVZ67286",10.45,34.25,40,25.75,1.4815000065,17.45,17.153499805,1.5390000115,11,20.25,25.55,23.8,85.55,0,1.6,6.739999986,29.1,7.75,0.9
"MVZ71116",11.3,46.1666666666667,36.6666666666667,17.1666666666667,1.3929999961,16.9,20.9939997038333,1.6710000091,11.25,16.9166666666667,22.5833333333333,20.6333333333333,82.2666666666667,2.63333333333333,1.95,6.7449999655,32.0166666666667,7.73333333333333,0.933333333333333
"MVZ71117",11.3,46.1666666666667,36.6666666666667,17.1666666666667,1.3929999961,16.9,20.9939997038333,1.6710000091,11.25,16.9166666666667,22.5833333333333,20.6333333333333,82.2666666666667,2.63333333333333,1.95,6.7449999655,32.0166666666667,7.73333333333333,0.933333333333333
"MVZ71118",11.3,46.1666666666667,36.6666666666667,17.1666666666667,1.3929999961,16.9,20.9939997038333,1.6710000091,11.25,16.9166666666667,22.5833333333333,20.6333333333333,82.2666666666667,2.63333333333333,1.95,6.7449999655,32.0166666666667,7.73333333333333,0.933333333333333
"MVZ71119",11.98,48.72,34.84,16.44,1.37919999492,17.18,22.2491996726,1.68820000072,11.42,17.12,22.4,20.06,81.52,3.16,2.02,6.7679999358,29.6,8.96,0.92
"MVZ71120",11.3,46.1666666666667,36.6666666666667,17.1666666666667,1.3929999961,16.9,20.9939997038333,1.6710000091,11.25,16.9166666666667,22.5833333333333,20.6333333333333,82.2666666666667,2.63333333333333,1.95,6.7449999655,32.0166666666667,7.73333333333333,0.933333333333333
"MVZ71121",11.3,46.1666666666667,36.6666666666667,17.1666666666667,1.3929999961,16.9,20.9939997038333,1.6710000091,11.25,16.9166666666667,22.5833333333333,20.6333333333333,82.2666666666667,2.63333333333333,1.95,6.7449999655,32.0166666666667,7.73333333333333,0.933333333333333
"MVZ82390",12.9,46.15,29.85,24,1.4930000005,14.55,13.514999966,1.2165000145,10.85,17.95,24.25,21.85,87.15,0,1.9,6.9549999955,29.7,2.35,0.9
"MVZ87783",12.52,49.6,31.8,18.6,1.4462000076,16.86,8.8562000536,0.96059999408,9.92,15.8,30.78,29.74,96.4,0,2.58,7.6659999288,68.02,12.94,1
"MVZ87784",12.52,49.6,31.8,18.6,1.4462000076,16.86,8.8562000536,0.96059999408,9.92,15.8,30.78,29.74,96.4,0,2.58,7.6659999288,68.02,12.94,1
"MVZ87785",12.52,49.6,31.8,18.6,1.4462000076,16.86,8.8562000536,0.96059999408,9.92,15.8,30.78,29.74,96.4,0,2.58,7.6659999288,68.02,12.94,1
"MVZ87786",12.52,49.6,31.8,18.6,1.4462000076,16.86,8.8562000536,0.96059999408,9.92,15.8,30.78,29.74,96.4,0,2.58,7.6659999288,68.02,12.94,1
"MVZ87788",12.52,49.6,31.8,18.6,1.4462000076,16.86,8.8562000536,0.96059999408,9.92,15.8,30.78,29.74,96.4,0,2.58,7.6659999288,68.02,12.94,1
"MVZ22707",10.05,40.4,34.85,24.75,1.40250000845,16.5,20.584000125,1.5519999995,11.5,17.3,16.95,15,78.35,0.75,1.65,6.5300000185,18,5.45,1.3
"MVZ22708",10.05,40.4,34.85,24.75,1.40250000845,16.5,20.584000125,1.5519999995,11.5,17.3,16.95,15,78.35,0.75,1.65,6.5300000185,18,5.45,1.3
"MVZ22709",10.05,40.4,34.85,24.75,1.40250000845,16.5,20.584000125,1.5519999995,11.5,17.3,16.95,15,78.35,0.75,1.65,6.5300000185,18,5.45,1.3
"MVZ22710",10.3666666666667,39.2666666666667,34.2333333333333,26.5,1.41833335563333,15.6666666666667,19.53266685,1.53133333633333,11.6666666666667,17.5333333333333,16.9666666666667,15.3333333333333,78.2333333333333,0.5,1.43333333333333,6.52000001233333,12,3.96666666666667,1.2
"MVZ22711",10.3666666666667,39.2666666666667,34.2333333333333,26.5,1.41833335563333,15.6666666666667,19.53266685,1.53133333633333,11.6666666666667,17.5333333333333,16.9666666666667,15.3333333333333,78.2333333333333,0.5,1.43333333333333,6.52000001233333,12,3.96666666666667,1.2
"MVZ22714",10.05,40.4,34.85,24.75,1.40250000845,16.5,20.584000125,1.5519999995,11.5,17.3,16.95,15,78.35,0.75,1.65,6.5300000185,18,5.45,1.3
"MVZ22719",10.45,42.025,33.125,24.85,1.325250026225,15.225,21.4157500475,1.62300000675,12.5,16.225,14.325,12.55,69.6,5.3,1.325,6.1824999685,9,4.175,0.975
"MVZ22720",10.45,42.025,33.125,24.85,1.325250026225,15.225,21.4157500475,1.62300000675,12.5,16.225,14.325,12.55,69.6,5.3,1.325,6.1824999685,9,4.175,0.975
"MVZ22721",10.45,42.025,33.125,24.85,1.325250026225,15.225,21.4157500475,1.62300000675,12.5,16.225,14.325,12.55,69.6,5.3,1.325,6.1824999685,9,4.175,0.975
"MVZ22722",10.45,42.025,33.125,24.85,1.325250026225,15.225,21.4157500475,1.62300000675,12.5,16.225,14.325,12.55,69.6,5.3,1.325,6.1824999685,9,4.175,0.975
"MVZ22724",10.45,42.025,33.125,24.85,1.325250026225,15.225,21.4157500475,1.62300000675,12.5,16.225,14.325,12.55,69.6,5.3,1.325,6.1824999685,9,4.175,0.975
"MVZ22727",10.2666666666667,43.7,33.1666666666667,23.1333333333333,1.28366668496667,15.6333333333333,22.7443332966667,1.667333339,12.6666666666667,15.6333333333333,13.4333333333333,11.4,66.8,7.06666666666667,1.43333333333333,6.07666662466667,12,5.23333333333333,0.966666666666667
"MVZ22729",10.45,42.025,33.125,24.85,1.325250026225,15.225,21.4157500475,1.62300000675,12.5,16.225,14.325,12.55,69.6,5.3,1.325,6.1824999685,9,4.175,0.975
"MVZ64579",10.45,42.025,33.125,24.85,1.325250026225,15.225,21.4157500475,1.62300000675,12.5,16.225,14.325,12.55,69.6,5.3,1.325,6.1824999685,9,4.175,0.975
"MVZ64581",10.2666666666667,43.7,33.1666666666667,23.1333333333333,1.28366668496667,15.6333333333333,22.7443332966667,1.667333339,12.6666666666667,15.6333333333333,13.4333333333333,11.4,66.8,7.06666666666667,1.43333333333333,6.07666662466667,12,5.23333333333333,0.966666666666667
"MVZ64583",10.45,42.025,33.125,24.85,1.325250026225,15.225,21.4157500475,1.62300000675,12.5,16.225,14.325,12.55,69.6,5.3,1.325,6.1824999685,9,4.175,0.975
"MVZ64587",10.45,42.025,33.125,24.85,1.325250026225,15.225,21.4157500475,1.62300000675,12.5,16.225,14.325,12.55,69.6,5.3,1.325,6.1824999685,9,4.175,0.975
"MVZ64590",10.45,42.025,33.125,24.85,1.325250026225,15.225,21.4157500475,1.62300000675,12.5,16.225,14.325,12.55,69.6,5.3,1.325,6.1824999685,9,4.175,0.975
"MVZ64592",10.45,42.025,33.125,24.85,1.325250026225,15.225,21.4157500475,1.62300000675,12.5,16.225,14.325,12.55,69.6,5.3,1.325,6.1824999685,9,4.175,0.975
"MVZ64593",10.2666666666667,43.7,33.1666666666667,23.1333333333333,1.28366668496667,15.6333333333333,22.7443332966667,1.667333339,12.6666666666667,15.6333333333333,13.4333333333333,11.4,66.8,7.06666666666667,1.43333333333333,6.07666662466667,12,5.23333333333333,0.966666666666667
"MVZ162699",11.75,46.125,31.9,21.975,1.376000017,14.8,13.87424996,1.23125001205,11.45,16.425,24.875,24.3,83.925,4.925,6.25,6.90499994775,44.475,8.1,1.925
"MVZ162700",11.75,46.125,31.9,21.975,1.376000017,14.8,13.87424996,1.23125001205,11.45,16.425,24.875,24.3,83.925,4.925,6.25,6.90499994775,44.475,8.1,1.925
"MVZ162701",11.75,46.125,31.9,21.975,1.376000017,14.8,13.87424996,1.23125001205,11.45,16.425,24.875,24.3,83.925,4.925,6.25,6.90499994775,44.475,8.1,1.925
"MVZ162702",11.75,46.125,31.9,21.975,1.376000017,14.8,13.87424996,1.23125001205,11.45,16.425,24.875,24.3,83.925,4.925,6.25,6.90499994775,44.475,8.1,1.925
"MVZ162703",11.3333333333333,49.5,30.7333333333333,19.7666666666667,1.33866667733333,14.3333333333333,14.262333206,1.21966668073333,11.6666666666667,14.1,23.3666666666667,22.6666666666667,79.2333333333333,6.56666666666667,7.8,6.813333257,48.4333333333333,10,2.3
"MVZ162704",11.75,46.125,31.9,21.975,1.376000017,14.8,13.87424996,1.23125001205,11.45,16.425,24.875,24.3,83.925,4.925,6.25,6.90499994775,44.475,8.1,1.925
"MVZ162708",11.75,46.125,31.9,21.975,1.376000017,14.8,13.87424996,1.23125001205,11.45,16.425,24.875,24.3,83.925,4.925,6.25,6.90499994775,44.475,8.1,1.925
"MVZ162711",11.75,46.125,31.9,21.975,1.376000017,14.8,13.87424996,1.23125001205,11.45,16.425,24.875,24.3,83.925,4.925,6.25,6.90499994775,44.475,8.1,1.925
"MVZ165405",12.85,51.6,29.1,19.3,1.269000023,13.75,18.2084998895,1.43800001585,12.6,13.75,13.75,12.6,69.9,9.85,1.35,6.164999914,17.05,2.95,0.65
"MVZ165406",12.85,51.6,29.1,19.3,1.269000023,13.75,18.2084998895,1.43800001585,12.6,13.75,13.75,12.6,69.9,9.85,1.35,6.164999914,17.05,2.95,0.65
"MVZ165408",12.85,51.6,29.1,19.3,1.269000023,13.75,18.2084998895,1.43800001585,12.6,13.75,13.75,12.6,69.9,9.85,1.35,6.164999914,17.05,2.95,0.65
"MVZ165409",12.85,51.6,29.1,19.3,1.269000023,13.75,18.2084998895,1.43800001585,12.6,13.75,13.75,12.6,69.9,9.85,1.35,6.164999914,17.05,2.95,0.65
"MVZ165410",12.85,51.6,29.1,19.3,1.269000023,13.75,18.2084998895,1.43800001585,12.6,13.75,13.75,12.6,69.9,9.85,1.35,6.164999914,17.05,2.95,0.65
"MVZ165411",12.85,51.6,29.1,19.3,1.269000023,13.75,18.2084998895,1.43800001585,12.6,13.75,13.75,12.6,69.9,9.85,1.35,6.164999914,17.05,2.95,0.65
"MVZ165415",12.85,51.6,29.1,19.3,1.269000023,13.75,18.2084998895,1.43800001585,12.6,13.75,13.75,12.6,69.9,9.85,1.35,6.164999914,17.05,2.95,0.65
"MVZ165416",12.85,51.6,29.1,19.3,1.269000023,13.75,18.2084998895,1.43800001585,12.6,13.75,13.75,12.6,69.9,9.85,1.35,6.164999914,17.05,2.95,0.65
"MVZ165417",12.85,51.6,29.1,19.3,1.269000023,13.75,18.2084998895,1.43800001585,12.6,13.75,13.75,12.6,69.9,9.85,1.35,6.164999914,17.05,2.95,0.65
"MVZ165419",12.85,51.6,29.1,19.3,1.269000023,13.75,18.2084998895,1.43800001585,12.6,13.75,13.75,12.6,69.9,9.85,1.35,6.164999914,17.05,2.95,0.65
"MVZ166913",11.75,46.125,31.9,21.975,1.376000017,14.8,13.87424996,1.23125001205,11.45,16.425,24.875,24.3,83.925,4.925,6.25,6.90499994775,44.475,8.1,1.925
"MVZ166915",11.75,46.125,31.9,21.975,1.376000017,14.8,13.87424996,1.23125001205,11.45,16.425,24.875,24.3,83.925,4.925,6.25,6.90499994775,44.475,8.1,1.925
"MVZ160767",7.475,35.475,36.775,27.75,1.283500029275,15.15,23.350999895,1.81800000375,13.375,20.9,18.45,17.275,67.375,7.575,1.25,5.9174999245,19,3,0.225
"MVZ160768",7.475,35.475,36.775,27.75,1.283500029275,15.15,23.350999895,1.81800000375,13.375,20.9,18.45,17.275,67.375,7.575,1.25,5.9174999245,19,3,0.225
"MVZ160769",8.96,38.56,35.8,25.64,1.23320002482,15.68,31.368599972,2.1678000096,14.24,22.24,17.16,15.1,58.56,13.88,1.2,5.705999937,15.2,4.64,0.32
"MVZ160772",7.475,35.475,36.775,27.75,1.283500029275,15.15,23.350999895,1.81800000375,13.375,20.9,18.45,17.275,67.375,7.575,1.25,5.9174999245,19,3,0.225
"MVZ160773",8.96,38.56,35.8,25.64,1.23320002482,15.68,31.368599972,2.1678000096,14.24,22.24,17.16,15.1,58.56,13.88,1.2,5.705999937,15.2,4.64,0.32
"MVZ160777",8.96,38.56,35.8,25.64,1.23320002482,15.68,31.368599972,2.1678000096,14.24,22.24,17.16,15.1,58.56,13.88,1.2,5.705999937,15.2,4.64,0.32
"MVZ164441",7.475,35.475,36.775,27.75,1.283500029275,15.15,23.350999895,1.81800000375,13.375,20.9,18.45,17.275,67.375,7.575,1.25,5.9174999245,19,3,0.225
"MVZ164443",8.96,38.56,35.8,25.64,1.23320002482,15.68,31.368599972,2.1678000096,14.24,22.24,17.16,15.1,58.56,13.88,1.2,5.705999937,15.2,4.64,0.32
"MVZ164445",7.475,35.475,36.775,27.75,1.283500029275,15.15,23.350999895,1.81800000375,13.375,20.9,18.45,17.275,67.375,7.575,1.25,5.9174999245,19,3,0.225
"MVZ164447",7.475,35.475,36.775,27.75,1.283500029275,15.15,23.350999895,1.81800000375,13.375,20.9,18.45,17.275,67.375,7.575,1.25,5.9174999245,19,3,0.225
"MVZ164450",8.96,38.56,35.8,25.64,1.23320002482,15.68,31.368599972,2.1678000096,14.24,22.24,17.16,15.1,58.56,13.88,1.2,5.705999937,15.2,4.64,0.32
"MVZ164452",7.475,35.475,36.775,27.75,1.283500029275,15.15,23.350999895,1.81800000375,13.375,20.9,18.45,17.275,67.375,7.575,1.25,5.9174999245,19,3,0.225
"MVZ164454",7.475,35.475,36.775,27.75,1.283500029275,15.15,23.350999895,1.81800000375,13.375,20.9,18.45,17.275,67.375,7.575,1.25,5.9174999245,19,3,0.225
"MVZ164457",7.475,35.475,36.775,27.75,1.283500029275,15.15,23.350999895,1.81800000375,13.375,20.9,18.45,17.275,67.375,7.575,1.25,5.9174999245,19,3,0.225
"MVZ33529",10.4666666666667,36.9666666666667,36.4333333333333,26.6,1.24800000113333,16.3666666666667,31.8663331166667,2.37366670033333,12.5666666666667,22.0333333333333,13.6,11.6,57.8,11.6333333333333,1.4,5.699999966,0,4.26666666666667,0.333333333333333
"MVZ46851",7.475,35.475,36.775,27.75,1.283500029275,15.15,23.350999895,1.81800000375,13.375,20.9,18.45,17.275,67.375,7.575,1.25,5.9174999245,19,3,0.225
"MVZ46853",7.475,35.475,36.775,27.75,1.283500029275,15.15,23.350999895,1.81800000375,13.375,20.9,18.45,17.275,67.375,7.575,1.25,5.9174999245,19,3,0.225
"MVZ65511",7.475,35.475,36.775,27.75,1.283500029275,15.15,23.350999895,1.81800000375,13.375,20.9,18.45,17.275,67.375,7.575,1.25,5.9174999245,19,3,0.225
"MVZ65513",7.475,35.475,36.775,27.75,1.283500029275,15.15,23.350999895,1.81800000375,13.375,20.9,18.45,17.275,67.375,7.575,1.25,5.9174999245,19,3,0.225
"MVZ82381",11.9,44.5666666666667,35.8666666666667,19.5666666666667,1.08900000606667,19.1,59.6889998633333,3.32333331833333,16.4333333333333,24.6,12.2,9.26666666666667,39,17.8666666666667,1.4,5.29999993566667,0,4.26666666666667,0.566666666666667
"MVZ133192",12.95,47.075,33.3,19.625,1.48300000425,14.475,12.59275005125,1.18925000925,10.425,16.3,21.35,20,92.45,0,1.725,6.96749996,25.875,1.85,0.85
"MVZ134098",11.42,41.96,38.54,19.5,1.4478000174,15.58,13.77499992,1.27300000994,10.26,16.6,27.52,25.42,91.06,0,1.92,7.203999911,54.32,6.28,0.88
"MVZ134099",11.52,41.62,38.3,20.08,1.4482000128,15.58,13.38760007,1.27860000454,10.24,17.28,28.32,27.12,94.26,0,1.82,7.2859999474,54.66,6.66,0.88
"MVZ134250",13.225,45.1,34.725,20.175,1.4767500075,15,13.3097501065,1.24875000575,10.575,17.05,21.5,20.125,92.55,0,1.7,6.93249995775,21.45,2.6,0.85
"MVZ57430",9.6,53.8,30.6,15.6,1.425999978,18.6,6.105999854,0.7839999792,9,14,37.2,37.2,99.2,0,3.6,8.19999981,102.2,26.8,1
"MVZ57431",9.6,53.8,30.6,15.6,1.425999978,18.6,6.105999854,0.7839999792,9,14,37.2,37.2,99.2,0,3.6,8.19999981,102.2,26.8,1
"MVZ57432",9.6,53.8,30.6,15.6,1.425999978,18.6,6.105999854,0.7839999792,9,14,37.2,37.2,99.2,0,3.6,8.19999981,102.2,26.8,1
"MVZ57441",9.6,53.8,30.6,15.6,1.425999978,18.6,6.105999854,0.7839999792,9,14,37.2,37.2,99.2,0,3.6,8.19999981,102.2,26.8,1
"MVZ67608",15.08,50.18,30.9,18.92,1.4630000148,14.58,9.8648001262,1.01340000818,10.32,15.58,24.74,23.76,95.2,0,1.86,7.3199999912,48.06,5.5,1
"MVZ67701",11.45,42.9,37.3,19.8,1.44925002,15.2,12.331749955,1.182250002675,10,16.725,29.85,28.5,94.675,0,2,7.43249989825,67.9,7.45,0.85
"MVZ69178",11.4,44.8,33.8,21.4,1.42733332366667,16.3333333333333,14.0810000376667,1.2410000019,11,17.3,25.1,22.5,87,0,2.36666666666667,7.13999993166667,33.1,8.26666666666667,0.733333333333333
"MVZ69181",11.375,43.15,36.225,20.625,1.4309999945,16.525,15.44774997325,1.339750011175,11.075,17,23.375,20.15,84.4,0,2.175,6.92749993925,24.825,6.6,0.8
"MVZ69184",11.4,44.8,33.8,21.4,1.42733332366667,16.3333333333333,14.0810000376667,1.2410000019,11,17.3,25.1,22.5,87,0,2.36666666666667,7.13999993166667,33.1,8.26666666666667,0.733333333333333
"MVZ90359",10.65,49.825,31.325,18.85,1.46550000625,16.025,9.827000102,1.022000001825,10.025,15.75,30.125,29.325,95.775,0,10,7.66500004525,72.025,7.35,1.975
"MVZ90360",11.45,45.3,32.325,22.375,1.44475000325,15.95,13.064250203,1.24200000155,10.6,18.725,29.2,29.7,96.175,0,9.025,7.49000006925,56.975,6.925,1.85
"MVZ90361",10.65,49.825,31.325,18.85,1.46550000625,16.025,9.827000102,1.022000001825,10.025,15.75,30.125,29.325,95.775,0,10,7.66500004525,72.025,7.35,1.975
"MVZ90362",9.7,46.7666666666667,33.4333333333333,19.8,1.462000009,16.6,10.9213334673333,1.12766666873333,9.96666666666667,17.0333333333333,31.7,31.6333333333333,97.6333333333333,0,11.7,7.696666733,75.1,8.2,2.3
"MVZ90365",11.45,45.3,32.325,22.375,1.44475000325,15.95,13.064250203,1.24200000155,10.6,18.725,29.2,29.7,96.175,0,9.025,7.49000006925,56.975,6.925,1.85
"MVZ64678",14.4,56.4,26,17.6,1.498000002,12.8,7.923999974,0.8640000218,9.8,13.8,22,22,96.2,0,1.8,7.3,49.2,1.2,1
