"","bio1","bio2","bio3","bio4","bio5","bio6","bio7","bio8","bio9","bio10","bio11","bio12","bio13","bio14","bio15","bio16","bio17","bio18","bio19"
"MVZ116808","153.04","127.48","52.9","4060.84","281.54","42.58","238.96","109.6","200.86","203.14","100.34","411.7","85.58","1","86.9","217","4.04","9","215.24"
"MVZ116809","153.28","127.08","52.94","4061.44","281.38","43.06","238.32","110.36","200.98","203.34","100.5","405.32","84.12","1","86.38","213.12","4.06","9","211.44"
"MVZ120329","137.08","122.42","60.12","2945.04","241.8","39.58","202.22","99.76","170.14","174.14","99.76","744.9","165.04","2","91.4","418.44","8.46","13","418.44"
"MVZ120330","137.36","122.1","60.26","2918.06","241.28","39.98","201.3","100.24","169.88","173.88","100.24","735.4","163.16","2","91.32","413.58","8.36","12.82","413.58"
"MVZ19481","165.44","151.8","45.7","6274.54","351.72","22.76","328.96","95.18","243.44","243.44","84.02","228.54","41","0.08","79.54","115.16","2.08","2.08","115.16"
"MVZ19482","165.52","152.1","45.86","6283.4","352.14","22.82","329.32","93.36","243.58","243.58","84","228.92","41.14","0.02","79.44","115.5","2.02","2.02","115.5"
"MVZ19483","165.44","151.98","45.8","6275.98","351.86","22.78","329.08","94.44","243.44","243.44","84","228.04","40.84","0.04","79.2","114.88","2.04","2.04","114.88"
"MVZ19484","165.48","152.02","45.78","6277.12","351.86","22.76","329.1","95.16","243.5","243.5","84","228.12","40.88","0.04","79.38","114.96","2.04","2.04","114.96"
"MVZ19486","172.68","157","45","6818.04","366.2","19.46","346.74","104.2","258.76","258.76","84.64","218.4","40.1","0","79.5","114.28","2","2","108.66"
"MVZ19487","172.78","156.84","45","6810.88","366.14","19.76","346.38","104.38","258.72","258.72","84.8","221.16","40.6","0","79.56","115.7","2","2","109.96"
"MVZ19488","174.56","157.84","44.84","6879.28","368.44","18.94","349.5","105.18","261.58","261.58","85.98","199.36","35.66","0","77.92","104.02","2.84","2.84","96.54"
"MVZ19496","174.48","157.8","44.8","6884.5","368.38","18.74","349.64","105.22","261.58","261.58","85.84","198.12","35.46","0","77.78","103.48","2.74","2.74","96"
"MVZ29155","163.12","166.3","48","6252.54","356.38","14.6","341.78","100.04","241.98","241.98","83.64","190.88","34.98","0.14","80.68","98.48","2.14","2.14","97.84"
"MVZ3471","172.38","94.5","51.2","3051.28","260.9","78.2","182.7","138.3","206.46","214.68","136","250.3","51.7","0.9","89.08","145.68","3.9","7.16","128.84"
"MVZ3472","172.3","92.18","50.82","3027.84","258.74","79.3","179.44","138.46","206.06","214.4","136.16","248.6","51.86","0.94","89.12","145.66","3.94","7.06","128.48"
"MVZ3473","172.44","94.08","51.14","3048.2","260.72","78.56","182.16","138.42","206.48","214.74","136.18","251.38","52.04","0.94","89","146.62","3.94","7.16","129.46"
"MVZ3479","169","86.9","49.9","2960.9666666666667","252.03333333333333","80.66666666666667","171.36666666666667","135.96666666666667","201.56666666666666","210.1","133.8","277.43333333333334","59.333333333333336","0.8666666666666667","91.03333333333333","164.6","3.8666666666666667","6.9","146.16666666666666"
"MVZ3667","172.06","98","51.72","3074.56","262.28","74.96","187.32","137.44","206.46","214.46","134.84","237.72","48.16","0.92","87.32","135.56","3.92","7","121.3"
"MVZ64599","166.9","159.22","45","6780.16","370.46","22.24","348.22","97.7","253.64","253.64","81.66","354.52","64.78","0","82.9","183.1","3","3","176.08"
"MVZ90619","137.54545454545453","120.93181818181819","60.54545454545455","2841.659090909091","239.63636363636363","41.04545454545455","198.5909090909091","101.18181818181819","168.79545454545453","172.79545454545453","101.18181818181819","719.3636363636364","160.02272727272728","2","91.18181818181819","405.34090909090907","8.204545454545455","12.522727272727273","405.34090909090907"
"MVZ10234","133.5","149.26","47.04","6055.42","299.52","-14.26","313.78","203.76","164.26","212.52","58.52","575.3","129.42","8.14","74.78","302.88","41.32","263.88","128.72"
"MVZ10235","132.78","148.96","47","6044.66","298.6","-14.64","313.24","202.82","163.42","211.7","57.94","578.86","129.98","8.3","74.52","304.18","41.96","265.26","129.74"
"MVZ24483","154.92","154.16","47.1","6287.6","321.62","-1.9","323.52","227.9","187.52","235.96","76.06","437.96","111.12","4.84","88.54","256.56","27.04","222.94","84.88"
"MVZ5433","155.08","154.14","47.06","6286.86","321.8","-1.7","323.5","228.04","187.66","236.08","76.3","437.5","111.04","4.82","88.66","256.26","27","222.76","84.88"
"MVZ5434","156.76","154.68","47.14","6305.3","323.6","-0.88","324.48","229.94","189.46","237.92","77.58","427.3","109.76","4.56","89.74","252.98","25.9","219.76","81.54"
"MVZ5435","157.16","154.7","47.04","6316.9","323.84","-0.62","324.46","230.56","190.06","238.6","78.04","423.98","109.26","4.58","90.22","251.68","25.64","218.56","80.44"
"MVZ5436","157.44","154.84","47.16","6312.24","324.3","-0.5","324.8","230.7","190.18","238.66","78.12","423.06","109.24","4.44","90.26","251.66","25.42","218.56","80.16"
"MVZ78852","158.68","188.44","50","7056.08","349.7","-22.04","371.74","244.32","192.68","250.82","70.38","319.7","70.18","5.4","75.72","171.78","22.42","146.78","68.72"
"MVZ82391","104.62","169.06","39.7","8836.06","327.62","-94.4","422.02","170.78","146.62","218.98","-9.28","275.28","36.98","10.44","30.2","95.88","44.44","77.12","61.24"
"MVZ63384","96.42857142857143","105.65306122448979","29","8718.489795918367","278","-78.44897959183673","356.44897959183675","8.816326530612244","207.9387755102041","207.9387755102041","-17.857142857142858","1149.7551020408164","118.85714285714286","80.9795918367347","10.244897959183673","325.2244897959184","253.44897959183675","253.44897959183675","301.1224489795918"
"MVZ63386","96.66","105.72","29","8723.26","278.24","-78.46","356.7","8.96","208.18","208.18","-17.76","1146.22","118.18","81","10.1","323.54","253.46","253.46","299.66"
"MVZ102726","179.7","147.58","43","6713.8","361.36","23.94","337.42","111.64","264.26","264.26","93.64","163.62","30.14","0","79.24","88.62","3","3","78.16"
"MVZ102727","179.28","147.78","43","6721.1","361.06","23.26","337.8","111.18","263.94","263.94","93.16","163","29.92","0","78.8","88.16","3","3","77.8"
"MVZ140817","212.3","151.5","41.66","7524.88","403.54","44.48","359.06","307.04","242.76","311.08","119.94","106.34","18.54","0.66","51.88","41.1","5.96","30.48","33.76"
"MVZ162726","142.52","156.62","39","8385.8","354.56","-38.78","393.34","57.88","208.34","253.14","38.9","133.14","18.36","5.42","31.96","45.54","24.42","29.8","44.94"
"MVZ162727","142.64","156.64","39","8388.08","354.8","-38.7","393.5","58","207.54","253.28","39","132.88","18.36","5.42","31.94","45.44","24.36","29.72","44.8"
"MVZ162729","142.62","156.6","39","8386.98","354.76","-38.7","393.46","57.94","209.36","253.22","39.02","133.08","18.34","5.44","31.82","45.46","24.5","29.88","44.76"
"MVZ162730","143.32","156.84","39","8398.6","355.58","-38.32","393.9","58.56","214.92","254.08","39.48","132.06","18.24","5.28","32.18","45.18","24.24","29.48","44.64"
"MVZ19502","146.28","160.34","48.6","5788.22","332.14","5.58","326.56","86.8","221.68","222.54","77.42","456.6","85.9","0.14","86.84","250.68","4.14","13.3","236.84"
"MVZ22501","146.48","159.04","41","7887.76","354","-28.98","382.98","48.48","225.74","250.3","48.48","173.16","29.66","4.34","58.98","80.9","17.82","20.24","80.9"
"MVZ22502","145.46","158.7","41","7878.42","352.64","-29.62","382.26","47.58","224.56","249.22","47.58","174.02","29.78","4.38","58.52","81.12","18.02","20.62","81.12"
"MVZ24550","161","166.54","45.62","6905.74","360.34","-0.84","361.18","89.6","226.54","251.4","77.3","182.18","30.46","1","66.16","86.9","10.84","12.28","84.1"
"MVZ29153","189.56","151.26","43","6978.36","379.66","33.24","346.42","118.28","278.86","278.86","102.04","205.48","38.4","0","78.46","107.62","3.16","3.16","94.7"
"MVZ29166","162.38","152.48","42","7261.06","356.84","0.04","356.8","88.7","232.7","259.42","76.14","168.26","30.84","1.06","74.78","87.3","7.36","8.76","84"
"MVZ29169","163.02","152.88","42","7275.14","357.88","0.06","357.82","89.34","233.58","260.24","76.66","166.02","30.5","1.04","74.36","86.24","7.26","8.66","83"
"MVZ29170","163.3","153.06","42","7280.94","358.24","0.1","358.14","89.32","233.78","260.68","76.74","164.44","30.2","1.04","74.54","85.3","7.28","8.8","82.06"
"MVZ29172","161.96","152.22","42","7252.1","356.3","0.16","356.14","88.34","232.18","258.92","75.88","169.58","30.98","1.08","74.46","87.94","7.56","8.9","84.44"
"MVZ29173","163.54","153.2","42","7286.56","358.62","0.18","358.44","89.56","234.08","260.96","76.9","163.62","30.06","1.02","74.4","84.82","7.28","8.76","81.62"
"MVZ29177","161.8","152.28","42","7251.78","356.2","0.02","356.18","88.06","231.94","258.8","75.64","169.14","30.9","1.12","74.8","87.56","7.56","9.02","84.14"
"MVZ82393","168.2","148.48","43.38","6641.66","354.44","16.38","338.06","100.7","253.38","253.46","85.24","248.4","45.78","0","81.88","134.66","2.98","3.54","121.98"
"MVZ82394","170.04","148.36","43.2","6693.5","356.38","17.04","339.34","102.2","255.78","255.82","86","229.78","42.1","0","81.42","123.92","3","3.28","111.92"
"MVZ139540","117.62","173.82","51.04","5764","285.66","-50.34","336","178.82","81.5","187.82","41.02","517.5","134.04","7.92","100.82","342.92","29.56","305.66","40.16"
"MVZ139544","118.08","173.9","51.02","5767.84","286.18","-50.04","336.22","179.34","82.02","188.34","41.5","516.5","133.66","7.9","101.04","342.2","29.44","305.18","39.94"
"MVZ139545","116.7","173.54","51.02","5757.9","284.58","-50.94","335.52","177.86","80.46","186.86","40.18","520.68","134.88","8.1","100.7","344.7","29.92","307.08","40.74"
"MVZ139546","117.68","173.84","51.06","5761.62","285.62","-50.32","335.94","178.86","81.64","187.86","41.14","517.9","134.18","7.88","100.88","343.34","29.52","306.2","40.08"
"MVZ143776","159.72","179.46","51","6014.02","326.98","-21.54","348.52","222.32","93.98","232.54","80.1","377.38","91.82","4.5","103.04","257.22","20","214.94","22.5"
"MVZ152933","161.88","178.78","51","6036.04","328.1","-20.38","348.48","224.26","96.04","234.56","81.54","362.94","88.66","4.02","101.64","245.86","18.72","207.3","21.72"
"MVZ152934","161.34","178.56","51","6033.58","327.44","-20.74","348.18","223.78","95.44","234.08","81.1","367.66","89.92","4.06","101.84","249.58","18.8","210.64","21.8"
"MVZ102593","1.9","102.18","26","9437.08","190.1","-197.94","388.04","71.66","1.48","117.4","-125.92","370.84","44.24","10.1","33.72","128.32","46.3","107.24","94.06"
"MVZ102594","1.84","102.26","26","9436.68","190.12","-197.96","388.08","71.56","1.3","117.26","-125.96","373.18","44.5","10.2","33.44","129.08","46.92","107.68","94.74"
"MVZ102596","1.36","102.08","26","9421.24","189.42","-197.92","387.34","71.8","0.76","116.74","-126.08","375.7","44.72","10.32","33.46","129.88","47.36","108.54","95.26"
"MVZ102600","74.43478260869566","61.23913043478261","32.32608695652174","4255.565217391304","176.2608695652174","-9.782608695652174","186.04347826086956","54.52173913043478","109.47826086956522","132.17391304347825","24.97826086956522","1488.7391304347825","211.80434782608697","64.30434782608695","38.130434782608695","582.8478260869565","209.91304347826087","277.9782608695652","463.8695652173913"
"MVZ102601","74.53658536585365","61.292682926829265","32.26829268292683","4261.487804878048","176.5121951219512","-9.926829268292684","186.4390243902439","54.5609756097561","109.58536585365853","132.3658536585366","24.878048780487806","1489.2439024390244","211.90243902439025","64.26829268292683","38.146341463414636","583.1219512195122","209.8780487804878","277.9024390243902","464.0731707317073"
"MVZ102604","70.54","113.34","31.42","8260.78","266.58","-88.6","355.18","-28.52","25.6","175.66","-38","428.76","49.22","23.88","20.14","125.76","78.34","120.54","117.76"
"MVZ102608","70.78","113.64","31.6","8259.46","266.96","-88.44","355.4","-28.3","25.88","175.8","-37.88","425.62","48.62","23.66","20.12","124.54","77.78","119.84","116.6"
"MVZ102610","70.9","113.42","31.48","8263.42","266.88","-88.34","355.22","-28.26","25.9","175.98","-37.78","427.66","49","23.84","20.06","125.42","78.22","120.16","117.36"
"MVZ102612","94.63265306122449","82.77551020408163","35.93877551020408","5227.857142857143","227.08163265306123","-1.4081632653061225","228.48979591836735","36.734693877551024","164.6530612244898","164.6530612244898","32.46938775510204","1314.734693877551","213.3673469387755","36.87755102040816","58.63265306122449","603.9591836734694","123.22448979591837","123.22448979591837","533.3673469387755"
"MVZ102614","94.72","82.7","35.9","5227.54","227.16","-1.36","228.52","36.8","164.78","164.78","32.56","1310.82","212.8","36.76","58.68","602.28","122.94","122.94","531.88"
"MVZ102623","99.64","88.3","35.16","5540.6","237.6","-10","247.6","34.26","169.42","169.42","27.92","1643.46","227.94","54","44.3","665.18","187.12","187.12","608.52"
"MVZ158333","-80.15384615384616","64","17","11122.205128205129","108.66666666666667","-263.6923076923077","372.35897435897436","61.61538461538461","-192.3846153846154","63.43589743589744","-211.07692307692307","242.97435897435898","48.64102564102564","9","61.84615384615385","124.28205128205128","28.76923076923077","100.41025641025641","31.58974358974359"
"MVZ42658","70.4","113.34","31.52","8257.46","266.34","-88.7","355.04","-28.62","25.46","175.48","-38.16","428.92","49.14","23.96","20.1","125.92","78.4","120.52","117.78"
"MVZ42659","71.08","113.64","31.58","8263.34","267.36","-88.14","355.5","-28","26.24","176.18","-37.64","425.52","48.66","23.64","20.22","124.44","77.78","119.8","116.62"
"MVZ82368","71.18","113.68","31.64","8262.5","267.34","-88.04","355.38","-27.94","26.26","176.22","-37.58","426.14","48.7","23.78","20.1","124.82","77.96","119.82","116.88"
"MVZ102618","68.42","113.86","31.92","8176.34","264.54","-90.42","354.96","-30.22","29.56","172.48","-37.24","301.78","35.96","16.44","22.94","95.48","60.2","82.46","89.9"
"MVZ158332","-79.51219512195122","64.53658536585365","17","11151.853658536585","110.36585365853658","-262.9024390243902","373.2682926829268","62.63414634146341","-191.41463414634146","64.48780487804878","-210.3658536585366","241.9268292682927","48.75609756097561","9","62","124.21951219512195","28.73170731707317","100.48780487804878","31.463414634146343"
"MVZ158334","-79.7560975609756","64.4390243902439","17","11150.536585365853","110.14634146341463","-263.0487804878049","373.1951219512195","62.34146341463415","-191.70731707317074","64.2439024390244","-210.65853658536585","242.02439024390245","48.73170731707317","9","62.146341463414636","124.34146341463415","28.73170731707317","100.46341463414635","31.463414634146343"
"MVZ158335","-79.17391304347827","64.5","17","11151.739130434782","110.71739130434783","-262.54347826086956","373.2608695652174","62.93478260869565","-190.95652173913044","64.82608695652173","-210.06521739130434","241.80434782608697","48.73913043478261","9","62.06521739130435","124.26086956521739","28.652173913043477","100.3913043478261","31.304347826086957"
"MVZ158337","-78.57142857142857","64.6734693877551","17","11152.244897959185","111.20408163265306","-262.16326530612247","373.3673469387755","63.48979591836735","-190.24489795918367","65.42857142857143","-209.51020408163265","241.46938775510205","48.55102040816327","9","62.06122448979592","123.9795918367347","28.53061224489796","100.08163265306122","31.06122448979592"
"MVZ59518","177.96","173.32","58.46","4478.34","340.34","46.2","294.14","126.74","207.02","242.68","126.74","122.24","19.64","0","64.02","52.8","3","29.94","52.8"
"MVZ59534","221.86","145.42","58","3902.42","349.02","100.96","248.06","278.26","213.98","278.26","178","97.9","20.3","0","78.56","43.86","0","43.86","24.88"
"MVZ59535","221.58","145","58","3891.1","348.42","101.16","247.26","277.88","213.58","277.88","178","97.74","20.22","0","78.06","43.58","0","43.58","25.06"
"MVZ59538","221.66","144.92","58","3889.34","348.4","101.26","247.14","277.9","213.66","277.9","178","97.12","19.92","0","78.34","43.08","0","43.08","24.96"
"MVZ59539","221.72","145","58","3889.68","348.46","101.22","247.24","277.92","213.68","277.92","178","96.88","19.8","0","78.86","42.92","0","42.92","24.86"
"MVZ59541","221.7","144.96","58","3891.74","348.48","101.28","247.2","277.94","213.76","277.94","178","97.2","19.92","0","78.3","43.12","0","43.12","24.96"
"MVZ59542","221.62","144.66","58","3883.66","348.18","101.36","246.82","277.7","213.54","277.7","178","96.6","19.82","0","77.86","42.8","0","42.8","24.78"
"MVZ59543","221.64","144.76","58","3883.96","348.22","101.34","246.88","277.74","213.56","277.74","178","96.86","19.88","0","78.24","42.94","0","42.94","24.9"
"MVZ59545","221.74","144.96","58","3890.9","348.52","101.22","247.3","277.96","213.74","277.96","178","96.84","19.84","0","78.58","42.96","0","42.96","24.78"
"MVZ59552","221.64","144.8","58","3887.9","348.32","101.3","247.02","277.8","213.62","277.8","178","96.6","19.72","0","78.1","42.7","0","42.7","24.78"
"MVZ59558","221.66","144.84","58","3890.02","348.38","101.32","247.06","277.88","213.7","277.88","178","96.92","19.82","0","78.2","42.92","0","42.92","24.88"
"MVZ59559","221.6","144.88","58","3885.7","348.24","101.28","246.96","277.8","213.52","277.8","178","97.26","19.96","0","78.88","43.16","0","43.16","25.04"
"MVZ59560","221.56","144.52","58","3881.56","348.02","101.48","246.54","277.62","213.5","277.62","178","96.44","19.68","0","77.78","42.56","0","42.56","24.84"
"MVZ59563","217","119.78","55.48","3466.36","330.3","115.56","214.74","181","204.58","267.74","179.56","72.3","16.14","0","72.42","34.14","1","22.2","25.14"
"MVZ73374","-75.925","88.75","17","14124.9","172.05","-327.7","499.75","94.325","-251.9","97.325","-259.8","415.975","61","14.975","43.275","163.775","48.5","155","51.95"
"MVZ82371","70.66","113.62","31.68","8255.84","266.78","-88.42","355.2","-28.34","25.74","175.7","-37.96","424.8","48.44","23.72","20.08","124.26","77.68","119.6","116.26"
"MVZ120124","148.71428571428572","98.97142857142858","60.51428571428571","2226.342857142857","228.37142857142857","66.45714285714286","161.9142857142857","123.51428571428572","170.77142857142857","178.42857142857142","122.22857142857143","402.37142857142857","88.6","0","99.45714285714286","241.85714285714286","1","3.4857142857142858","235.71428571428572"
"MVZ120125","149.06451612903226","98.64516129032258","60.67741935483871","2198.8709677419356","228","67.06451612903226","160.93548387096774","124.09677419354838","170.67741935483872","178.32258064516128","122.74193548387096","396.5806451612903","87.51612903225806","0","99.64516129032258","238.58064516129033","1","3.3225806451612905","232.58064516129033"
"MVZ120127","149.24242424242425","98.66666666666667","60.666666666666664","2194.3939393939395","228.15151515151516","67.15151515151516","161","124.33333333333333","170.75757575757575","178.3030303030303","122.9090909090909","395.2121212121212","87.21212121212122","0","99.48484848484848","237.8181818181818","1","3.3333333333333335","231.78787878787878"
"MVZ120131","148.5","99.26666666666667","60.36666666666667","2248.3333333333335","228.73333333333332","65.93333333333334","162.8","123.13333333333334","170.9","178.5","121.86666666666666","406.53333333333336","89.33333333333333","0","99.1","244.23333333333332","1","3.6333333333333333","237.9"
"MVZ120132","148.7","98.93333333333334","60.53333333333333","2224.9333333333334","228.23333333333332","66.43333333333334","161.8","123.53333333333333","170.76666666666668","178.43333333333334","122.23333333333333","401.8666666666667","88.5","0","99.36666666666666","241.63333333333333","1","3.466666666666667","235.4"
"MVZ120133","149.2","98.73333333333333","60.63333333333333","2199.366666666667","228.26666666666668","67.06666666666666","161.2","124.23333333333333","170.76666666666668","178.3","122.83333333333333","396.26666666666665","87.4","0","99.46666666666667","238.36666666666667","1","3.3666666666666667","232.36666666666667"
"MVZ174004","134","102.71111111111111","62.77777777777778","1987.3555555555556","216","53.75555555555555","162.24444444444444","112.13333333333334","151.64444444444445","161","112.13333333333334","431.31111111111113","84.4888888888889","0","90.4888888888889","236.86666666666667","2.2444444444444445","18.355555555555554","234.06666666666666"
"MVZ174005","145.96","100.04","59.68","2393.84","229.24","63.04","166.2","118.86","170.38","178.38","118.76","437.3","95.06","0","98.68","260.04","1.16","4.32","255.6"
"MVZ174006","146.24","99.48","59.84","2359.34","228.8","63.8","165","119.54","170.22","178.22","119.3","430.3","93.74","0","98.74","256.04","1.18","4.16","251.92"
"MVZ176999","163.5","78.72727272727273","50.36363636363637","2769.068181818182","245.02272727272728","90.38636363636364","154.63636363636363","137.38636363636363","192.1818181818182","201.9090909090909","133.63636363636363","286.72727272727275","57.09090909090909","0","92.47727272727273","159.9090909090909","2.2045454545454546","6","144.75"
"MVZ177000","162.71428571428572","78.47619047619048","49.73809523809524","2832.3333333333335","245.42857142857142","89.42857142857143","156","137.04761904761904","191.97619047619048","202.11904761904762","132.26190476190476","289.8333333333333","57.5","0","91.83333333333333","162.66666666666666","2.4047619047619047","6","142.95238095238096"
"MVZ177001","162.54761904761904","77.97619047619048","49.73809523809524","2817.190476190476","244.71428571428572","89.71428571428571","155","137.11904761904762","191.57142857142858","201.8095238095238","132.35714285714286","287.5952380952381","57.07142857142857","0","91.66666666666667","161.52380952380952","2.380952380952381","6","142.04761904761904"
"MVZ177002","162.42857142857142","77.92857142857143","49.642857142857146","2831.1428571428573","244.83333333333334","89.52380952380952","155.3095238095238","137.57142857142858","191.66666666666666","201.88095238095238","132.1904761904762","288.3809523809524","57.166666666666664","0","91.76190476190476","162","2.4047619047619047","6","141.6904761904762"
"MVZ177003","162.6304347826087","78.15217391304348","49.80434782608695","2818.8478260869565","244.91304347826087","89.69565217391305","155.2173913043478","137.5","191.7608695652174","201.91304347826087","132.45652173913044","288.19565217391306","57.19565217391305","0","91.82608695652173","161.69565217391303","2.369565217391304","6","142.43478260869566"
"MVZ177004","162.93478260869566","78.1086956521739","50.06521739130435","2783.7608695652175","244.5","90.19565217391305","154.30434782608697","136.95652173913044","191.6086956521739","201.69565217391303","133.02173913043478","285.89130434782606","56.891304347826086","0","91.97826086956522","160.1304347826087","2.282608695652174","6","142.97826086956522"
"MVZ177005","163.27272727272728","78.31818181818181","50.31818181818182","2765.6363636363635","244.47727272727272","90.45454545454545","154.02272727272728","137.9090909090909","191.9090909090909","201.6818181818182","133.5681818181818","285.3863636363636","56.75","0","92.3409090909091","159.20454545454547","2.1818181818181817","6","143.72727272727272"
"MVZ177006","163","78.20454545454545","50.06818181818182","2788.681818181818","244.70454545454547","90.13636363636364","154.5681818181818","137.11363636363637","191.77272727272728","201.8181818181818","133.0681818181818","286.6136363636364","57.09090909090909","0","92.0909090909091","160.52272727272728","2.2954545454545454","6","143.1818181818182"
"MVZ177009","162.6595744680851","79.57446808510639","50.638297872340424","2779.744680851064","245.08510638297872","89.65957446808511","155.4255319148936","139.19148936170214","191.63829787234042","201.61702127659575","133.10638297872342","289.9574468085106","57.38297872340426","0","92.48936170212765","162.72340425531914","2.276595744680851","5.851063829787234","146.08510638297872"
"MVZ177010","162.8409090909091","79.56818181818181","50.77272727272727","2767.5","244.9318181818182","89.8409090909091","155.0909090909091","139","191.6818181818182","201.61363636363637","133.4318181818182","288.6818181818182","57.38636363636363","0","92.6590909090909","162.3181818181818","2.2954545454545454","5.7727272727272725","146.11363636363637"
"MVZ58402","144.22","102.1","58.46","2579.52","233.2","59.54","173.66","115.1","171.46","179.42","115.06","471.3","102.02","0","99.16","278.9","1.56","5.4","277.12"
"MVZ132294","11.22","129.56","42.68","5955.78","183.92","-115.86","299.78","-52.74","64.2","92.1","-54.46","460.52","66.74","18.72","40.92","179.22","67.22","73.52","175.02"
"MVZ132295","13.02","130.4","42.64","5991.02","186.46","-115.36","301.82","-51.56","65.54","94.32","-53.46","453.74","65.62","18.54","40.46","176.18","66.64","73.3","172.4"
"MVZ162686","82.22","178.56","45.38","7253.74","299.24","-90.74","389.98","-7.52","173.88","179.14","-7.52","239.88","33.94","12.22","35.9","90.52","39.3","41.48","90.52"
"MVZ162687","82.58","178.8","45.42","7263.52","299.94","-90.48","390.42","-7.28","174.48","179.64","-7.28","238.12","33.66","12.3","35.5","89.58","39.28","41.58","89.58"
"MVZ162689","83.98","179.62","45.48","7273.7","301.88","-89.7","391.58","-5.98","175.92","181.24","-5.98","237.18","33.54","12.06","35.84","89.44","38.76","40.96","89.44"
"MVZ162691","61.56","166","44.32","6970.92","267.72","-101.02","368.74","-21.82","143.42","155.16","-23.14","301.42","42.78","14.1","38.12","115.76","47.26","49.28","115.76"
"MVZ165396","44.7","154.7","44.12","6624.68","239.32","-107.18","346.5","-32.16","130.2","133.5","-34.58","376.44","55.08","16.3","43.08","149.48","54.76","55.06","149.48"
"MVZ165398","43.94","154.28","44.1","6609.68","238.1","-107.44","345.54","-33.28","130.6","132.52","-35.04","379.4","55.58","16.42","43.3","150.9","55.02","55.24","150.9"
"MVZ165400","47.64","156.78","44.24","6675.96","244.08","-106.2","350.28","-30.64","134.3","137.06","-32.62","358.58","52.42","15.78","42.22","142.02","53","53.44","142.02"
"MVZ165401","44.84","154.96","44.08","6628.78","239.68","-107.28","346.96","-33.16","132.18","133.64","-34.48","372.54","54.48","16.24","42.8","147.82","54.52","54.78","147.82"
"MVZ165402","47.34","156.66","44.18","6681.28","243.84","-106.5","350.34","-32.1","133.66","136.84","-32.98","357.56","52.06","15.86","41.98","141.2","53.26","53.72","141.2"
"MVZ180084","73.46","162.94","42","7390.42","293.48","-88.24","381.72","-8.24","169.26","172.38","-15.52","282.28","32.7","10.5","29.64","95.78","39.48","48.04","90.1"
"MVZ180088","73.86","163","42","7393.62","293.98","-87.98","381.96","-7.98","169.64","172.8","-15.22","281.78","32.68","10.42","29.74","95.68","39.36","47.88","89.94"
"MVZ180089","72.64","162.68","42","7373.88","292.32","-88.88","381.2","-8.88","168.18","171.22","-16.08","285.76","33.14","10.62","29.54","96.9","39.98","48.6","91.08"
"MVZ180090","73.64","162.92","42","7388.98","293.64","-88.24","381.88","-8.22","169.28","172.42","-15.4","282.42","32.72","10.48","29.66","95.84","39.56","48.08","90.1"
"MVZ165717","128.38","176.3","40.86","8782.46","358.02","-71.2","429.22","201.04","65.68","243.74","18.16","122.24","13.1","5.98","19.02","36.08","22.98","32.08","27.98"
"MVZ165718","128.62","176.14","40.68","8789.28","358.16","-71.18","429.34","210.62","65.82","243.92","18.16","122.2","13.08","6","19","36.08","23","32.06","28"
"MVZ165720","129.28","176.1","40.66","8802.22","358.86","-70.88","429.74","192.46","66.32","244.6","18.54","121.78","13.02","5.98","18.8","35.78","22.98","31.78","27.98"
"MVZ165729","128.44","175.98","40.68","8787.92","357.88","-71.14","429.02","207.34","65.68","243.76","18.02","122.3","13.14","5.98","19.14","36.24","22.98","32.16","27.98"
"MVZ165730","128.38","176.28","40.82","8784.32","357.92","-71.32","429.24","210.36","65.68","243.76","18.02","122.38","13.14","6","19.12","36.26","23","32.22","28"
"MVZ1066","228.2","176.82","46","7253.46","418.38","37.92","380.46","154.24","259.18","320.02","135.82","65.18","10.84","0","53.34","27.28","3","9.7","27"
"MVZ74244","159.02","129.3","37.3","7642.84","347.02","5.76","341.26","78.54","188.38","260.76","66.76","217.12","34","3.94","43.18","72.8","23.02","59.74","68.8"
"MVZ74245","157.76","129.04","37.34","7630.2","345.46","4.92","340.54","77.32","186.94","259.24","65.58","221.16","34.4","4","42.82","74.22","23.38","60.68","70.22"
"MVZ74248","159.94","129.18","37.16","7648.1","347.96","6.6","341.36","79.56","189.46","261.74","67.58","215.96","33.8","3.96","42.98","72.46","22.84","59.56","68.44"
"MVZ74249","159","128.96","37.22","7638.86","346.74","5.92","340.82","78.52","188.28","260.56","66.7","218.56","34.08","4.02","42.94","73.34","23.1","60.14","69.32"
"MVZ74251","156.68","129.88","37.4","7645.42","345.04","3.2","341.84","76.16","186.08","258.54","64.44","220.08","34.22","4.08","42.78","73.66","23.58","60.48","69.58"
"MVZ74252","139.98","126.16","38","7342.52","323.62","-5.04","328.66","61.82","166.16","238.28","52.56","280.28","41.52","4.98","43.86","97.6","29.28","73.96","92.1"
"MVZ74253","141","126.32","38","7355.98","324.82","-4.42","329.24","62.72","167.2","239.42","53.28","277.32","41.08","5","43.92","96.44","28.94","73.36","91.02"
"MVZ74254","140.78","126.38","38","7355.46","324.66","-4.62","329.28","62.48","167.1","239.18","53.08","277.52","41.12","4.98","43.86","96.46","28.98","73.38","91.08"
"MVZ74255","140.38","126.26","38","7350.26","324.12","-4.86","328.98","62.12","166.58","238.72","52.76","278.8","41.32","4.96","43.92","96.98","29.1","73.64","91.52"
"MVZ74457","140.52","126.08","38","7346.08","324.14","-4.54","328.68","62.34","166.7","238.86","53.02","279.32","41.4","5","43.88","97.22","29.18","73.78","91.76"
"MVZ8090","210.5","171.82","48.22","6563.1","398.34","45.42","352.92","140.28","268.06","297.42","131.12","194.68","37.58","0","76.9","106.9","6.2","27.26","90.34"
"MVZ852","227.66","176.68","46","7265.3","418.34","37.82","380.52","151.9","258.62","319.76","135.24","66.6","10.84","0","52.78","27.5","3","10.34","27.3"
"MVZ853","227.76","176.78","46","7265.36","418.4","37.7","380.7","151.96","258.76","319.74","135.26","66.38","10.92","0","52.94","27.5","3","10.26","27.3"
"MVZ854","227.98","176.68","46","7259.66","418.38","37.96","380.42","152.94","258.94","319.9","135.56","66.06","10.84","0","53.04","27.38","3","10.12","27.2"
"MVZ855","228.04","176.76","46","7265.68","418.54","37.84","380.7","153.68","259.04","320.08","135.48","65.6","10.7","0","52.64","27.08","3","10.06","26.84"
"MVZ961","228","176.74","46","7266.12","418.54","37.78","380.76","153.3","258.98","320.02","135.42","65.72","10.74","0","52.66","27.12","3","10.16","26.94"
"MVZ966","227.96","176.68","46","7260.78","418.44","37.96","380.48","153.32","258.88","319.96","135.48","66.02","10.74","0","52.9","27.28","3","10.18","27.06"
"MVZ102733","225.4","170.48","44.98","7641.16","419.96","44.5","375.46","289.4","255.4","323.2","129.46","60.34","10.6","0","56.68","24.02","2","14.76","21.42"
"MVZ102734","225.38","170.54","45","7641.38","420.08","44.62","375.46","289.38","255.38","323.12","129.4","60.2","10.62","0","56.3","24.04","2","14.7","21.36"
"MVZ163175","107.44","169.12","46","6811.68","325.8","-37.88","363.68","28.46","195.58","197.8","25.36","541.5","95.38","8.78","64.1","263.2","40.68","45.24","249.42"
"MVZ163176","107.08","169.12","46","6809.52","325.42","-38.12","363.54","28.14","195.26","197.42","25.06","537.08","94.82","8.82","63.88","260.96","40.76","45.46","247"
"MVZ163177","107.14","169.16","46","6809.4","325.44","-38.04","363.48","28.16","195.3","197.44","25.08","536.98","94.74","8.9","63.78","260.84","40.82","45.64","247.02"
"MVZ163179","106.82","169.1","46","6808.08","324.98","-38.5","363.48","27.82","194.92","197.08","24.7","536.24","94.62","8.82","63.86","260.5","40.72","45.44","246.64"
"MVZ163180","107.04","169.2","46","6813.7","325.32","-38.44","363.76","27.92","195.1","197.3","24.72","536.92","94.94","8.86","64.1","261.3","40.66","45.28","247.84"
"MVZ163216","106.7","168.96","46","6802.72","324.66","-38.46","363.12","27.76","194.7","196.92","24.7","536.06","94.44","8.84","63.52","260.06","40.78","45.56","245.88"
"MVZ163217","106.96","169","46","6803.7","325.06","-38.14","363.2","28.14","195.12","197.3","25.08","538.08","94.64","8.78","63.68","260.92","40.76","45.54","246.72"
"MVZ163218","107.42","169.24","46","6812.78","325.84","-37.82","363.66","28.42","195.66","197.78","25.34","538.14","94.94","8.84","63.94","261.46","40.78","45.6","247.68"
"MVZ163219","106.24","168.84","46","6796.72","324.08","-38.68","362.76","27.52","194.3","196.54","24.44","533.56","93.98","8.88","63.36","258.56","40.82","45.68","244.18"
"MVZ163220","107.04","169.06","46","6805.5","325.24","-37.98","363.22","28.14","195.16","197.36","25.12","536.32","94.58","8.9","63.54","260.28","40.88","45.74","246.16"
"MVZ163234","100.6","165.66","46","6685.64","313.06","-44.44","357.5","23.2","186.56","189.36","19.56","605.1","103.46","8.2","65.16","291.62","39.98","42.86","279"
"MVZ163237","102.12","166.38","46","6711.66","315.42","-43.36","358.78","24.24","188.22","191.14","20.64","601.34","103.16","8.08","65.38","290.62","39.6","42.52","278.34"
"MVZ163239","99.94","165.34","45.98","6672.02","312","-44.9","356.9","22.74","185.74","188.52","19.1","604.38","103.08","8.22","64.98","290.76","39.96","42.88","278.08"
"MVZ163242","99.98","165.38","46","6673.26","312.04","-44.88","356.92","22.72","185.76","188.58","19.12","603.02","102.76","8.18","64.96","290.14","39.82","42.74","277.5"
"MVZ163243","101.12","165.86","46","6691.48","313.78","-44","357.78","23.6","187.1","189.94","20","606.02","103.72","8.16","65.22","292.24","39.86","42.78","279.72"
"MVZ163247","97.44","166.68","46","6698.2","310.76","-47.44","358.2","19.38","183.58","185.88","16.3","540.24","94.1","9","63.08","260.74","41.36","44.98","246.38"
"MVZ163249","98.1","167.42","46","6716.6","312.4","-47.06","359.46","19.9","184.5","186.88","16.78","533.08","93.42","8.98","63.28","258.16","41.22","44.92","244.08"
"MVZ163250","98.1","166.88","46","6708.12","311.94","-46.88","358.82","19.92","184.44","186.66","16.8","537.86","93.82","9","63.12","259.8","41.3","45.02","245.54"
"MVZ163251","97.82","166.94","46","6705.88","311.66","-47.16","358.82","19.74","184.14","186.4","16.62","536.84","93.64","9","63.12","259.32","41.32","45","245.06"
"MVZ163254","98.38","167.16","46","6716","312.6","-46.72","359.32","20.2","184.84","187.1","17","535.84","93.62","9","63.26","259.14","41.2","44.9","245.08"
"MVZ149571","161.42","178.58","51","6034.14","327.54","-20.7","348.24","223.9","95.54","234.12","81.14","366.18","89.54","4.06","101.76","248.42","18.72","209.68","21.72"
"MVZ149572","161.58","178.6","51","6036","327.76","-20.56","348.32","224.1","95.72","234.32","81.32","365.2","89.36","4.04","101.68","247.76","18.68","209.12","21.68"
"MVZ58954","144.7","181.24","49","6695.14","332.3","-33.42","365.72","220.46","184.62","229.96","59.56","372.94","83.98","5.1","73.82","201.86","26.98","170.74","74.94"
"MVZ67284","55.48","164.88","48.08","6286.02","233.78","-105.06","338.84","132.7","81.72","138.64","-21.64","661.64","113.14","17.98","53.32","295.1","66.86","249.18","149.88"
"MVZ67286","55.36","164.72","48.04","6281.84","233.54","-105.08","338.62","132.52","81.52","138.48","-21.7","663.36","113.34","18","53.26","295.6","66.96","249.64","150.52"
"MVZ71116","90.06","163.14","42.9","7652.64","285.2","-90.8","376","181.18","-6.12","189.62","-6.12","407.3","75.72","19.4","55.82","193.4","59.84","179.4","59.84"
"MVZ71117","90.44","163.18","42.82","7667.76","285.9","-90.46","376.36","181.8","-5.92","190.24","-5.92","405.2","75.38","19.28","55.82","192.48","59.48","178.48","59.48"
"MVZ71118","91.8","163.42","42.84","7709.34","287.78","-89.62","377.4","183.62","-5.04","192.16","-5.04","398.86","74.32","18.94","55.94","189.86","58.32","175.86","58.32"
"MVZ71119","90.7","163.3","42.9","7675.16","286.22","-90.38","376.6","182.1","-5.74","190.54","-5.74","404.16","75.22","19.26","55.98","192.04","59.34","178.04","59.34"
"MVZ71120","90.04","163.04","42.82","7653.16","285.3","-90.7","376","181.22","-6.18","189.56","-6.18","407.36","75.7","19.36","55.68","193.28","59.8","179.28","59.8"
"MVZ71121","90.16","163.16","42.9","7654","285.38","-90.7","376.08","181.3","-6.02","189.78","-6.02","407.18","75.68","19.38","55.7","193.32","59.8","179.32","59.8"
"MVZ82390","115.22","199.08","52","6858.04","311.36","-67.82","379.18","199.86","145.74","205.8","30.34","444.26","80.76","11.2","60.44","214.9","38.82","176.04","98.84"
"MVZ87783","117.4","156.92","39.94","8289.16","329.7","-61.06","390.76","219.12","155.6","226.36","13.56","227.28","30.38","8.34","28.7","72.4","34.24","61.94","62.38"
"MVZ87784","116.86","156.9","39.98","8277.36","328.98","-61.48","390.46","218.46","154.84","225.6","13.1","229.88","30.7","8.42","28.88","73.2","34.52","62.62","63.1"
"MVZ87785","117.96","157.28","39.96","8285.8","330.4","-60.72","391.12","219.68","156","226.88","14.12","226.88","30.24","8.24","28.88","72.16","34.2","61.56","62.48"
"MVZ87786","120.04","157.16","39.86","8333.4","332.94","-59","391.94","222.26","158.76","229.42","15.5","218.7","29.46","8.12","28.6","70.06","33.08","59.94","59.7"
"MVZ87788","118.04","157.28","39.96","8289.32","330.54","-60.6","391.14","219.8","156.18","226.96","14.14","227.1","30.3","8.34","28.84","72.3","34.22","61.8","62.38"
"MVZ22707","160.32","150.42","45.16","6379.66","350.42","20.72","329.7","80.08","241.12","241.12","80.08","518.7","106.7","1","83.42","272","10.62","10.62","272"
"MVZ22708","160.36","150.22","45.08","6378.24","350.36","20.78","329.58","80.06","241.06","241.06","80.06","521.98","107.44","1","83.62","273.86","10.72","10.72","273.86"
"MVZ22709","159.98","150.22","45.12","6380.3","350.12","20.54","329.58","79.84","240.82","240.82","79.84","525.38","108.06","1","83.52","275.64","10.68","10.68","275.64"
"MVZ22710","159.48","148.54","44.62","6388.92","349.88","20.86","329.02","79.84","240.84","240.84","79.84","572.08","117.36","1","83.78","300.12","10.48","10.48","300.12"
"MVZ22711","160","148.72","44.7","6384.04","350.52","21.3","329.22","80.3","241.26","241.26","80.3","562.44","115.42","1","83.9","295.1","10.3","10.3","295.1"
"MVZ22714","160","149.24","44.8","6381.34","350.52","21.2","329.32","80.2","241.1","241.1","80.2","551.06","113.06","1","83.84","289.14","10.18","10.18","289.14"
"MVZ22719","158.46","140.54","42.32","6464.5","346","20.2","325.8","79.84","242.26","242.26","79.18","949.7","191.24","1.06","83.34","488.16","16.52","16.52","487.62"
"MVZ22720","158.06","139.98","42.32","6459.7","345.16","20.04","325.12","80.4","241.82","241.82","78.86","972.78","195.4","1.14","83.3","500.16","16.84","16.84","498.9"
"MVZ22721","159.06","141.08","42.5","6474.12","346.82","20.1","326.72","80.72","242.9","242.9","79.6","934.04","188.18","1.2","83.14","480.84","16.56","16.56","479.58"
"MVZ22722","158.04","140.02","42.3","6457.08","345.16","20.02","325.14","80.58","241.8","241.8","78.92","970.32","194.88","1.14","83.18","498.96","16.78","16.78","497.64"
"MVZ22724","157.64","139.76","42.26","6452.02","344.6","20.02","324.58","80.46","241.46","241.46","78.66","983.62","197.32","1.12","83.2","505.5","16.92","16.92","504.18"
"MVZ22727","156.78","139.1","42.22","6437.92","343.08","19.74","323.34","80.78","240.48","240.48","78.26","1014.9","203.08","1.24","83.18","521.66","17.4","17.4","519.56"
"MVZ22729","158","140.02","42.28","6456.16","345.1","20.04","325.06","80.7","241.76","241.76","78.88","970.62","194.94","1.1","83.16","499.02","16.76","16.76","497.82"
"MVZ64579","157.72","139.94","42.3","6448.1","344.58","19.98","324.6","80.76","241.34","241.34","78.88","976.64","196.04","1.16","83.08","502.2","16.88","16.88","500.7"
"MVZ64581","157.12","139.36","42.2","6440.2","343.62","19.96","323.66","80.6","240.76","240.76","78.44","999.02","200.18","1.12","83.18","513.32","17.08","17.08","511.82"
"MVZ64583","157.4","139.72","42.28","6445.56","344.16","19.84","324.32","80.76","241.12","241.12","78.7","988.94","198.28","1.22","83.08","508.52","17.08","17.08","506.72"
"MVZ64587","156.9","139.16","42.18","6437.52","343.24","19.94","323.3","80.68","240.56","240.56","78.28","1008.06","201.82","1.12","83.2","517.88","17.2","17.2","516.26"
"MVZ64590","157.6","139.62","42.22","6446.3","344.32","20.06","324.26","80.76","241.22","241.22","78.68","983.38","197.26","1.08","83.14","505.44","16.84","16.84","504.12"
"MVZ64592","157.48","139.72","42.28","6445.46","344.14","20","324.14","80.82","241.12","241.12","78.68","986.84","197.9","1.14","83.14","507.28","17.02","17.02","505.72"
"MVZ64593","157.54","139.66","42.24","6444.7","344.18","20.12","324.06","80.76","241.12","241.12","78.66","984.28","197.44","1.06","83.16","505.8","16.88","16.88","504.54"
"MVZ162699","66.88","165.66","45","6676.76","278.3","-85.5","363.8","-5.92","153.32","154.7","-14.3","609.1","100.48","9.18","62.42","274.28","42.74","43.66","271.7"
"MVZ162700","67.28","165.68","45","6678.14","278.68","-85.22","363.9","-5.86","153.7","154.84","-14.22","609.28","100.78","9.22","62.52","274.52","42.86","43.66","272.2"
"MVZ162701","67.12","165.88","45","6684.9","278.82","-85.5","364.32","-5.94","153.58","155.02","-14.3","602.78","99.48","9.16","62.24","271.3","42.56","43.48","268.84"
"MVZ162702","67.56","166.34","45","6687.72","279.6","-85.34","364.94","-5.78","153.84","155.4","-14","598.2","98.82","9.08","62.16","269.24","42.26","43.26","266.88"
"MVZ162703","67.32","166.28","45","6689.2","279.32","-85.62","364.94","-5.9","153.66","155.24","-14.2","596.18","98.34","9.08","61.94","268.02","42.3","43.3","265.62"
"MVZ162704","67.28","166.02","45","6681.04","279","-85.36","364.36","-5.8","153.62","155.1","-14.12","604.46","99.88","9.08","62.26","272.26","42.46","43.38","269.8"
"MVZ162708","67.36","166.18","45","6686.46","279.34","-85.52","364.86","-5.9","153.62","155.24","-14.14","598.56","98.78","9.1","62.04","269.22","42.4","43.36","266.86"
"MVZ162711","67.2","166","45","6681.34","278.86","-85.44","364.3","-5.9","153.56","154.98","-14.2","604.48","99.78","9.16","62.32","272.14","42.56","43.48","269.68"
"MVZ165405","55.18","159.74","44.74","6558.88","256.96","-96.14","353.1","-23.3","141.38","141.38","-23.3","818.24","137.92","11.84","67.14","376.74","51.3","51.54","376.74"
"MVZ165406","55.62","160.24","44.86","6558.82","257.6","-96.12","353.72","-23","141.76","141.76","-23","827.26","139.78","11.76","67.5","381.82","51.08","51.36","381.82"
"MVZ165408","55.8","160.92","44.86","6565.36","258.32","-96.54","354.86","-23.1","142.1","142.1","-23.1","822.18","138.94","11.84","67.5","379.5","51.04","51.32","379.5"
"MVZ165409","55.86","160.82","44.9","6562.44","258.16","-96.4","354.56","-22.96","142.06","142.06","-22.96","824.4","139.44","11.8","67.6","380.82","50.84","51.2","380.82"
"MVZ165410","55.92","160.96","44.92","6564.88","258.36","-96.46","354.82","-22.94","142.16","142.16","-22.94","825.28","139.56","11.8","67.62","381.24","50.9","51.18","381.24"
"MVZ165411","55.66","160.06","44.94","6550.6","257.28","-95.98","353.26","-22.92","141.62","141.64","-22.92","834.4","141.2","11.84","67.78","385.7","51","51.58","385.7"
"MVZ165415","55.5","160.18","44.82","6557.46","257.46","-96.2","353.66","-23.16","141.68","141.68","-23.16","825.7","139.48","11.86","67.48","380.98","51.18","51.58","380.98"
"MVZ165416","55.44","159.64","44.88","6547.46","256.9","-95.86","352.76","-23.08","141.42","141.42","-23.08","834.74","141.14","11.9","67.72","385.5","51.24","51.88","385.5"
"MVZ165417","55.82","160.44","44.92","6556.12","257.84","-96.1","353.94","-22.9","141.88","141.88","-22.9","832.1","140.82","11.74","67.7","384.58","50.98","51.38","384.58"
"MVZ165419","55.48","160.02","44.84","6557.56","257.24","-96.06","353.3","-23.04","141.56","141.56","-23.04","823.56","139.1","11.74","67.36","379.92","51","51.28","379.92"
"MVZ166913","67.28","165.98","45","6700.32","279.34","-85.5","364.84","-5.98","153.84","155.42","-14.44","592.98","97.84","9.06","61.92","266.54","42.2","43.24","264.24"
"MVZ166915","67.18","165.92","45","6700.18","279.26","-85.46","364.72","-5.98","153.84","155.38","-14.48","594.4","98.04","9.06","62.04","267.34","42.24","43.24","264.96"
"MVZ160767","114.24","149.58","45.74","6186.4","311.5","-11.32","322.82","41.96","196.34","196.34","40.96","569.22","95.76","8.26","58.12","264.32","44.98","44.98","233.22"
"MVZ160768","113.42","149.82","45.86","6172.64","310.56","-12.14","322.7","41.36","195.36","195.36","40.36","574.1","96.54","8.32","58","266.24","45.46","45.46","234.84"
"MVZ160769","113.82","149.8","45.96","6172.46","310.86","-11.7","322.56","41.72","195.7","195.7","40.7","572.18","96.1","8.3","57.82","265.08","45.46","45.46","233.82"
"MVZ160772","114","149.68","45.96","6176","311.04","-11.52","322.56","41.88","195.94","195.94","40.88","571.16","96","8.28","57.98","264.92","45.26","45.26","233.8"
"MVZ160773","114.86","149.56","45.88","6196","311.98","-10.82","322.8","42.24","196.8","196.8","41.24","571.36","96.14","8.3","58.14","265.48","45.18","45.18","234.5"
"MVZ160777","113.14","149.88","46.02","6162.36","310.12","-12.36","322.48","41.32","195","195","40.3","574.2","96.46","8.32","57.9","265.96","45.6","45.6","234.6"
"MVZ164441","114.2","149.62","45.82","6185.78","311.38","-11.4","322.78","41.9","196.22","196.22","40.9","571.08","96.08","8.3","58.16","265.16","45.16","45.16","234.08"
"MVZ164443","113.58","149.86","45.96","6165.42","310.62","-11.86","322.48","41.66","195.46","195.46","40.66","574.3","96.3","8.38","57.78","265.64","45.74","45.74","234.28"
"MVZ164445","114.1","149.72","45.94","6177.86","311.16","-11.44","322.6","41.88","196.02","196.02","40.86","570.02","95.8","8.24","57.82","264.32","45.22","45.22","233.14"
"MVZ164447","114.46","149.56","45.88","6182.44","311.58","-11.04","322.62","42.28","196.48","196.48","41.28","570.38","95.8","8.34","58.14","264.52","45.22","45.22","233.6"
"MVZ164450","113.3","149.9","45.82","6167.94","310.48","-12.2","322.68","41.3","195.2","195.2","40.3","576.58","96.84","8.36","57.88","267.16","45.68","45.68","235.52"
"MVZ164452","114.04","149.72","45.9","6179.54","311.14","-11.52","322.66","41.82","196","196","40.82","571.08","95.96","8.3","57.92","264.72","45.34","45.34","233.56"
"MVZ164454","113.08","149.94","45.86","6165","310.22","-12.44","322.66","41.14","194.94","194.94","40.12","576.66","96.92","8.34","57.9","267.28","45.66","45.66","235.64"
"MVZ164457","115.04","149.4","45.74","6199","312.3","-10.56","322.86","42.48","197.2","197.2","41.48","564.86","95.08","8.18","58.12","262.6","44.6","44.6","231.78"
"MVZ33529","112.18","121.8","44.52","5233.54","276.12","5.26","270.86","52.66","180.5","181.26","48.88","1071.84","180.24","12.4","64.9","514.34","67.3","71.26","482.6"
"MVZ46851","117.16","148.64","45.32","6253.74","315.2","-8.54","323.74","44.02","200.12","200.12","42.7","554.8","93.92","8.02","58.88","260.18","42.88","42.88","230.68"
"MVZ46853","119.5","148.36","45","6339.98","319.24","-6.72","325.96","45.46","203.48","203.48","43.7","531.92","91.9","8","60.58","254.24","39.84","39.84","227.76"
"MVZ65511","118.28","148.36","45.22","6281.54","316.5","-7.56","324.06","44.66","201.42","201.42","43.28","549.68","93.38","8","59.28","258.84","42.3","42.3","229.94"
"MVZ65513","117.62","148.44","45.18","6273.08","315.88","-8.2","324.08","44.2","200.76","200.76","42.92","549.1","93.3","8","59.3","258.22","42.4","42.4","228.96"
"MVZ82381","104.14","101.84","41.58","4925.16","243.12","1.5","241.62","48.22","167.96","167.96","44.56","1038.58","161.5","21.22","57.38","477.9","91.18","91.18","430.44"
"MVZ133192","23.24","165.48","41.58","7538.52","245.6","-148.42","394.02","-55.78","120.72","122.72","-68.42","459.32","52.42","23.9","24.08","148.12","77.18","90.58","139.1"
"MVZ134098","80.44","147.14","36","8710.26","306.7","-95.9","402.6","-19.82","187.22","194.36","-32.04","265.3","30.84","11.02","27.3","84.48","40.58","49.12","76.76"
"MVZ134099","63.82","149.18","37.78","8179.96","284.36","-108","392.36","96.62","105.26","171.74","-38.76","334.88","43.9","20.74","22.44","110.12","69.12","88.14","77.88"
"MVZ134250","41.86","174.7","42.02","7672.1","271.78","-135.8","407.58","-41.84","139.36","142.96","-53.48","373.9","42.58","17.7","26.22","121.42","60.3","72.52","110.54"
"MVZ57430","97.1","182.3","43.02","8022","327.92","-89.36","417.28","83.82","43.84","203.66","-2.24","188.1","20.18","11.1","16.02","56.78","39.32","47.06","41.2"
"MVZ57431","97.02","182.46","43","8016.84","327.84","-89.56","417.4","83.78","43.84","203.44","-2.28","187.64","20.18","11.04","16.08","56.58","39.12","47.1","41.08"
"MVZ57432","96.9","182.42","43","8012.46","327.68","-89.58","417.26","83.62","43.74","203.24","-2.36","187.76","20.16","11.06","15.98","56.54","39.18","47.18","41.12"
"MVZ57441","97.06","182.44","43.02","8012.58","327.86","-89.38","417.24","83.82","43.9","203.38","-2.26","187.46","20.2","11.02","16.32","56.78","39.08","46.9","41.04"
"MVZ67608","54.5","173.4","43","7593.66","284.96","-116.74","401.7","-29.52","150.68","155.32","-39.7","356.02","41.92","12.86","30.88","123.84","49.26","61.26","112.78"
"MVZ67701","81.86","147.48","37.14","8264.3","302.26","-87.36","389.62","117.98","178.14","190.58","-23.14","269.86","36.56","16.24","25.62","91.98","52.14","63.94","63.2"
"MVZ69178","26.14","165.84","38.9","8632.76","256.82","-165.6","422.42","111.64","-64.38","136.62","-85.5","287.06","41.94","13.76","35.38","107.88","49.82","98.02","51.48"
"MVZ69181","18.9","165.08","39","8545.18","247.56","-171.36","418.92","103.1","-56.64","128.2","-91.04","315.2","43.64","16.56","30.32","112.8","59.44","102.78","61.82"
"MVZ69184","19.42","165.16","39","8555.3","248.32","-171.08","419.4","103.78","-57.06","128.82","-90.66","312.7","43.46","16.36","30.52","112.3","58.7","102.36","61"
"MVZ90359","65.02","132.14","34.68","8289.22","277.98","-97.58","375.56","10.54","175.78","175.78","-35.54","657.94","77.6","30.4","26.64","210.56","100.96","100.96","191.04"
"MVZ90360","64.5","132.3","34.72","8277.14","277.28","-98.04","375.32","9.22","175.08","175.08","-35.82","661.06","77.9","30.58","26.74","211.36","101.34","101.34","192.48"
"MVZ90361","63.32","131.56","34.8","8263.2","275.14","-98.64","373.78","4.74","173.94","173.94","-36.76","664.2","78.26","30.76","26.88","212.88","102.28","102.28","194.24"
"MVZ90362","66.7","131.88","34.48","8321.94","279.86","-96.32","376.18","19.44","177.9","177.9","-34.38","649.64","76.42","29.94","26.68","208.18","99.84","99.84","187.46"
"MVZ90365","66.6","132.52","34.64","8316.6","279.96","-96.6","376.56","14.16","177.66","177.66","-34.44","651.86","76.68","30.12","26.54","208.38","100.04","100.04","188.28"
"MVZ64678","73.24","166.04","40.94","8022.48","295.96","-107.14","403.1","57.58","114.68","179.28","-26.34","294.26","31.76","19.82","13.5","90.08","66.16","67.46","67.5"
