"","DOY","TIME","D0cm","D2.5cm","D5cm","D10cm","D15cm","D20cm","D30cm","D50cm","D100cm","D200cm","Tair","dorsal_absorptance","ventral_absorptance"
"1",6.94089944676549e-310,0,-20.4398853871016,-13.0666568972983,-8.10288658699841,-6.13904687634732,-6.45612360408947,-6.51322016096693,-6.3427617923177,-6.29364242658563,-6.11522543842538,8.80833333333333,-9.82472922961745,0.72799729,0.534816503
"2",6.94089944676549e-310,60,-20.5545414265163,-13.6822279578285,-8.84505822494592,-6.32573531722401,-6.44408875595207,-6.50592570789491,-6.34454905870179,-6.29358242320863,-6.11152465984209,8.80833333333333,-10.0734156426799,0.72799729,0.534816503
"3",6.94089944676549e-310,120,-20.5915269281498,-14.1904360038006,-9.50757934515699,-6.53444420071441,-6.44729276232776,-6.49899950083194,-6.34621217502977,-6.29352331092373,-6.10782661563635,8.80833333333333,-10.2771327788744,0.72799729,0.534816503
"4",6.94089944676549e-310,180,-20.5760657617165,-14.6154226892403,-10.0966505409265,-6.75769241182018,-6.46488597197632,-6.49313722953857,-6.34776259075168,-6.29346476579043,-6.10413130416032,8.80833333333333,-10.4440123082712,0.72799729,0.534816503
"5",6.94089944676549e-310,240,-20.5412168330419,-14.972270215098,-10.6196931156388,-6.98952522824813,-6.49571067924743,-6.48893392571441,-6.34921965170858,-6.29340650725881,-6.10043872361308,8.80833333333333,-10.5807154735127,0.72799729,0.534816503
"6",6.94089944676549e-310,300,-20.4915240996947,-15.2730421960931,-11.0840103070912,-7.22529472324826,-6.53843985303746,-6.48687991635453,-6.35060915547344,-6.29334831746353,-6.09674887206779,8.80833333333333,-10.6926989831414,0.72799729,0.534816503
"7",6.94089944676549e-310,360,-20.4285202218888,-15.526796264923,-11.4963585359922,-7.461426545382,-6.59167922439502,-6.4873629510109,-6.35196192280313,-6.29329005654428,-6.0930617475077,8.80833333333333,-10.7844328241729,0.72799729,0.534816503
"8",6.94089944676549e-310,420,-20.2987397055642,-15.7355357592015,-11.8624728614102,-7.69520492218107,-6.65403874765995,-6.49067441230176,-6.35331244945185,-6.29323167412734,-6.08937734786885,8.80833333333333,-10.8595786882228,0.72799729,0.534816503
"9",6.94089944676549e-310,480,-16.0565071488986,-15.5336193054486,-12.1649112114435,-7.92422003822182,-6.7241740309744,-6.49701790746371,-6.35469767735588,-6.29317321725897,-6.08569567108765,8.80833333333333,-10.6098067251368,0.72799729,0.534816503
"10",6.94089944676549e-310,540,-3.11844317029363,-13.4683625775609,-12.2419392765486,-8.14089848278368,-6.8006506455193,-6.50651625491184,-6.35615589518721,-6.29311483515241,-6.08201671515165,8.80833333333333,-7.80786848880672,0.72799729,0.534816503
"11",6.94089944676549e-310,600,11.2234490287081,-8.7775008304644,-11.713647001332,-8.31914092879098,-6.88113605914489,-6.51919694057306,-6.35772564550335,-6.29305678100219,-6.07834047815193,8.80833333333333,-3.4975362466559,0.72799729,0.534816503
"12",6.94089944676549e-310,660,18.7791270291422,-3.01440909531219,-10.3767829373128,-8.41370214373649,-6.96103575611711,-6.53492124663368,-6.35944414232137,-6.29299941031977,-6.07466695833548,8.80833333333333,1.03573164439229,0.72799729,0.534816503
"13",6.94089944676549e-310,720,23.8435960199619,1.68999267953432,-8.44052305617,-8.38460205049508,-7.03325185664324,-6.55327300019741,-6.36134451123179,-6.29294317349486,-6.07099615415549,8.80833333333333,4.43999135092861,0.72799729,0.534816503
"14",6.94089944676549e-310,780,25.249030703765,5.51955950084456,-6.20305265821523,-8.21596456567911,-7.08969451396558,-6.57348989673432,-6.36345186271041,-6.29288859918145,-6.06732806431545,8.80833333333333,5.69999999999965,0.72799729,0.534816503
"15",6.94089944676549e-310,840,20.1875226770733,7.41534891164334,-3.99676487251956,-7.91340586521438,-7.12297604012345,-6.59448447672083,-6.36577914584011,-6.29283626652604,-6.06366268780218,8.80833333333333,4.43998872815087,0.72799729,0.534816503
"16",6.94089944676549e-310,900,8.50870298611639,6.69333627498986,-2.25971277349462,-7.51002009421484,-7.12795000408208,-6.61493864462865,-6.36832382430175,-6.29278676714947,-6.06000002390189,8.80833333333333,1.03572718102049,0.72799729,0.534816503
"17",6.94089944676549e-310,960,-6.68954012886726,3.300005002472,-1.36387100116756,-7.06590023683447,-7.1033817298675,-6.63347061088745,-6.3710662606609,-6.2927406604046,-6.05634007219513,8.80833333333333,-3.49754121952282,0.72799729,0.534816503
"18",6.94089944676549e-310,1020,-15.4826497654141,-1.22429465898963,-1.44714945064159,-6.65395146759593,-7.05290967903115,-6.6488570529038,-6.37397061058737,-6.29269842763777,-6.05268283252845,8.80833333333333,-5.64403265472816,0.72799729,0.534816503
"19",6.94089944676549e-310,1080,-17.3996154282612,-4.8803539437021,-2.21203070193327,-6.33082896947052,-6.9843668768483,-6.66024970207763,-6.37698853887929,-6.2926604329466,-6.04902830496422,8.80833333333333,-6.64870287672647,0.72799729,0.534816503
"20",6.94089944676549e-310,1140,-18.3067827529206,-7.33449786964732,-3.26866907695318,-6.11722127038773,-6.90720205403662,-6.66729317103835,-6.38006504765939,-6.29262689734712,-6.04537648971379,8.80833333333333,-7.47170135872994,0.72799729,0.534816503
"21",6.94089944676549e-310,1200,-18.9828027291862,-9.09554611775192,-4.38688943970466,-6.00803221634131,-6.82999074079553,-6.67010235454308,-6.38314477112402,-6.29259788987514,-6.04172738706177,8.80833333333333,-8.14587929946038,0.72799729,0.534816503
"22",6.94089944676549e-310,1260,-19.5043588095331,-10.438557513597,-5.46692991482226,-5.98814778960332,-6.75934368164017,-6.6691539586943,-6.38617724211581,-6.29257333467342,-6.03808099729009,8.80833333333333,-8.69814750615387,0.72799729,0.534816503
"23",6.94089944676549e-310,1320,-19.9065078429006,-11.5093727713447,-6.46932604240618,-6.04047692390656,-6.69981096124292,-6.66516018638116,-6.38912053334342,-6.29255303017359,-6.03443732060894,8.80833333333333,-9.15055057913781,0.72799729,0.534816503
"24",6.94089944676549e-310,1380,-20.2145314176402,-12.3891007621022,-7.38213831049241,-6.14913372735816,-6.65416934213719,-6.65895783016198,-6.39194332579941,-6.29253667589643,-6.03079635709962,8.80833333333333,-9.52114685457923,0.72799729,0.534816503
"25",2.12199579788219e-314,0,-17.3876643726938,-10.1663745415188,-5.26457026523971,-3.29355929298325,-3.62325809427648,-3.69993285904346,-3.54116608930994,-3.49437491673368,-3.3471714029821,8.80833333333333,-7.02472922961744,0.72799729,0.534816503
"26",2.12199579788219e-314,60,-17.5004391155204,-10.7708216108841,-6.00159943086453,-3.48342036051171,-3.6116871012581,-3.69189075471518,-3.54283447715302,-3.49434234287947,-3.34412511252121,8.80833333333333,-7.27341564267994,0.72799729,0.534816503
"27",2.12199579788219e-314,120,-17.5303094145463,-11.2671052358299,-6.65797855991811,-3.69471315823686,-3.61560277075395,-3.68430270692136,-3.54437082716712,-3.49431094577174,-3.34108111425336,8.80833333333333,-7.47713277887436,0.72799729,0.534816503
"28",2.12199579788219e-314,180,-17.50015072375,-11.6802636363713,-7.2400205889913,-3.9199179997811,-3.63407331240872,-3.67787555395147,-3.54578803335247,-3.49428037660717,-3.33803940697214,8.80833333333333,-7.64401230827121,0.72799729,0.534816503
"29",2.12199579788219e-314,240,-17.4511345760044,-12.0251772859288,-7.75535563704169,-4.15306777260195,-3.6658664805246,-3.67320970109484,-3.54710704986384,-3.49425033475952,-3.33499998930451,8.80833333333333,-7.78071547351271,0.72799729,0.534816503
"30",2.12199579788219e-314,300,-17.3880763858823,-12.3140688196252,-8.21146738829523,-4.38952492528088,-3.70959008259075,-3.67079588532158,-3.54835535915483,-3.49422058759429,-3.33196285974086,8.80833333333333,-7.89269898314143,0.72799729,0.534816503
"31",2.12199579788219e-314,360,-17.3124792144405,-12.5560997383716,-8.61526496750017,-4.62574151956679,-3.76379482989365,-3.67101818555702,-3.54956546875494,-3.49419098604259,-3.32892801667418,8.80833333333333,-7.98443282417293,0.72799729,0.534816503
"32",2.12199579788219e-314,420,-17.167332357779,-12.75298278974,-8.97258198862558,-4.85903803160151,-3.82704571477235,-3.67416111119195,-3.55077350189062,-3.49416147610612,-3.32589545844616,8.80833333333333,-8.05957868822281,0.72799729,0.534816503
"33",2.12199579788219e-314,480,-12.9366225267506,-12.5377690701995,-9.26560904511512,-5.08703174642182,-3.89796242298201,-3.6804190078975,-3.55201792072536,-3.49413210662541,-3.32286518339811,8.80833333333333,-7.80980672513675,0.72799729,0.534816503
"34",2.12199579788219e-314,540,-0.0839836475104501,-10.4542417060641,-9.33054055596727,-5.30203473355316,-3.97507634227579,-3.68990361862915,-3.55333839052027,-3.49410303371216,-3.31983718992501,8.80833333333333,-5.00786848880671,0.72799729,0.534816503
"35",2.12199579788219e-314,600,14.1380198908818,-5.75255070727013,-8.7839892159063,-5.47742417499234,-4.05599394665063,-3.7026290062221,-3.55477465286568,-3.49407452212501,-3.316811476531,8.80833333333333,-0.697536246655886,0.72799729,0.534816503
"36",2.12199579788219e-314,660,21.3277452975127,-0.0206254595263911,-7.42548774978524,-5.56720982335424,-4.13599531067288,-3.71843775236286,-3.55636488323802,-3.49404694301004,-3.31378804188459,8.80833333333333,3.8357316443923,0.72799729,0.534816503
"37",2.12199579788219e-314,720,26.3264305639036,4.57886962162255,-5.48227150082734,-5.53157328050159,-4.2078189788076,-3.73688597389211,-3.55814281276889,-3.49402076556419,-3.31076688487134,8.80833333333333,7.23999135092862,0.72799729,0.534816503
"38",2.12199579788219e-314,780,27.7530918386048,8.35570464786955,-3.25017665046542,-5.35572474823943,-4.2632762243435,-3.75717527996172,-3.56013364806334,-3.49399653903761,-3.30774800463982,8.80833333333333,8.4999999999996,0.72799729,0.534816503
"39",2.12199579788219e-314,840,22.7847914032307,10.2246900701938,-1.05463641835317,-5.04595857769657,-4.29496056040573,-3.77817859693427,-3.56234981252791,-3.49397486307989,-3.30473140063539,8.80833333333333,7.23998872815088,0.72799729,0.534816503
"40",2.12199579788219e-314,900,11.2009331262337,9.48692375098608,0.666688415510398,-4.63624588607102,-4.29777734094281,-3.79853939216715,-3.5647875834046,-3.49395634752491,-3.30171707261584,8.80833333333333,3.8357271810205,0.72799729,0.534816503
"41",2.12199579788219e-314,960,-3.83019779037027,6.09024154904266,1.54168663045531,-4.18775994169158,-4.27065196537332,-3.81684468038004,-3.56742552228381,-3.49394156539117,-3.29870502064453,8.80833333333333,-0.697541219522805,0.72799729,0.534816503
"42",2.12199579788219e-314,1020,-12.5409749226897,1.58026394424656,1.43568659685796,-3.77390831432131,-4.21746475890939,-3.83185394613761,-3.57022552766192,-3.49393100515906,-3.29569524505888,8.80833333333333,-2.84403265472815,0.72799729,0.534816503
"43",2.12199579788219e-314,1080,-14.4228973207386,-2.05651790356514,0.651292974751052,-3.45139749253162,-4.14632474629353,-3.84271987935751,-3.57313680797692,-3.49392503020411,-3.29268774641585,8.80833333333333,-3.84870287672646,0.72799729,0.534816503
"44",2.12199579788219e-314,1140,-15.3102903103922,-4.49133224015397,-0.419050528930545,-3.24028823033277,-4.06691389734383,-3.84910603833297,-3.57610201235979,-3.49392385257651,-3.28968252542022,8.80833333333333,-4.67170135872993,0.72799729,0.534816503
"45",2.12199579788219e-314,1200,-15.9705124118177,-6.23632305324273,-1.54511749443304,-3.13481945436875,-3.98795149182792,-3.8511591874627,-3.57906379188866,-3.49392752470264,-3.28667958284389,8.80833333333333,-5.34587929946036,0.72799729,0.534816503
"46",2.12199579788219e-314,1260,-16.4791658517935,-7.56607863272883,-2.62834548054432,-3.11932439251134,-3.91611028772967,-3.84939444539852,-3.58197023962059,-3.49393594785658,-3.28367891944552,8.80833333333333,-5.89814750615386,0.72799729,0.534816503
"47",2.12199579788219e-314,1320,-16.8706655832028,-8.62545903764014,-3.63062528489593,-3.1761928323954,-3.8559348188043,-3.8445634888205,-3.58477860834957,-3.49394889319471,-3.28068053589793,8.80833333333333,-6.3505505791378,0.72799729,0.534816503
"48",2.12199579788219e-314,1380,-17.1696974767561,-9.49479804948498,-4.54105508057567,-3.28918829523123,-3.81014904402791,-3.8375395079762,-3.58745737560155,-3.4939660305807,-3.27768443272861,8.80833333333333,-6.72114685457922,0.72799729,0.534816503
"49",6.94089944676549e-310,0,-13.0486165139633,-6.06855484670253,-1.26798062161865,0.698075457529722,0.340051130327915,0.227809813797275,0.362775328676631,0.404604842205227,0.507080594082985,8.80833333333333,-3.12472922961746,0.72799729,0.534816503
"50",6.94089944676549e-310,60,-13.2192973410605,-6.6517195216736,-1.99638533777911,0.504025748470024,0.351145390898423,0.237147543516129,0.361365377328239,0.404601696890815,0.509190189554412,8.80833333333333,-3.37341564267996,0.72799729,0.534816503
"51",6.94089944676549e-310,120,-13.1897453948196,-7.13310832196098,-2.6425097214764,0.289454161239014,0.346424904816277,0.245901054021021,0.360100090995178,0.404597190686499,0.511298149501886,8.80833333333333,-3.57713277887439,0.72799729,0.534816503
"52",6.94089944676549e-310,180,-13.0272583834178,-7.53602489070371,-3.21292960728172,0.0619222522505933,0.326936241359495,0.253349856601998,0.358964364679506,0.40459171109127,0.513404474577726,8.80833333333333,-3.74401230827124,0.72799729,0.534816503
"53",6.94089944676549e-310,240,-13.0225372817972,-7.85851559898087,-3.71632149197037,-0.172577670067187,0.294015412823399,0.258887754120047,0.357934826369725,0.404585590216178,0.515509165622095,8.80833333333333,-3.88071547351274,0.72799729,0.534816503
"54",6.94089944676549e-310,300,-13.4961464214553,-8.09146866752331,-4.16131827992912,-0.409419702836415,0.24914455736402,0.262025089864358,0.35698149680816,0.404579084116222,0.517612223628504,8.80833333333333,-3.99269898314145,0.72799729,0.534816503
"55",6.94089944676549e-310,360,-13.190985728392,-8.33010528999,-4.55125723214495,-0.645159626551163,0.193849758702514,0.262384363143879,0.356069395279587,0.404572357003284,0.519713649699731,8.80833333333333,-4.08443282417295,0.72799729,0.534816503
"56",6.94089944676549e-310,420,-13.0975592745655,-8.50419835908474,-4.89540227851674,-0.877126911963908,0.129627397715415,0.259691942807214,0.355160031054037,0.404565469798684,0.521813444996786,8.80833333333333,-4.15957868822284,0.72799729,0.534816503
"57",6.94089944676549e-310,480,-8.91678218303213,-8.26695044237246,-5.17418469147509,-1.1030045370121,0.0579086570833449,0.253767514374925,0.354212748233123,0.404558372640263,0.523911610682877,8.80833333333333,-3.90980672513678,0.72799729,0.534816503
"58",6.94089944676549e-310,540,4.21485986756156,-6.18660698262764,-5.21990642407859,-1.31496630517107,-0.0197810218062803,0.24451600130079,0.353185909960582,0.404550900986336,0.526008147864576,8.80833333333333,-1.10786848880673,0.72799729,0.534816503
"59",6.94089944676549e-310,600,18.1985899554488,-1.47616831968564,-4.64689630244549,-1.48560647555768,-0.100960337682447,0.231943530686801,0.352038073145762,0.404542774943175,0.52810305753188,8.80833333333333,3.20246375334409,0.72799729,0.534816503
"60",6.94089944676549e-310,660,24.907174492862,4.19765846366835,-3.26093176857279,-1.5680042534451,-0.180730476762856,0.216235269581955,0.350729718530995,0.404533602430911,0.53019634049883,8.80833333333333,7.73573164439227,0.72799729,0.534816503
"61",6.94089944676549e-310,720,29.8113409808771,8.64753772333203,-1.30956692169165,-1.52267297622858,-0.251607605024409,0.19787560316776,0.349226299053263,0.404522888878131,0.532287997347408,8.80833333333333,11.1399913509286,0.72799729,0.534816503
"62",6.94089944676549e-310,780,31.2769122194058,12.3519426688879,0.912696723401255,-1.33639442393554,-0.305272993220206,0.177715053046041,0.347502537765352,0.404510057278664,0.534378028379038,8.80833333333333,12.3999999999996,0.72799729,0.534816503
"63",6.94089944676549e-310,840,26.4452148886347,14.1843022103885,3.09216786863538,-1.01659958463154,-0.33431674166776,0.156937217124481,0.345546842547914,0.404494480613819,0.536466433579804,8.80833333333333,11.1399887281509,0.72799729,0.534816503
"64",6.94089944676549e-310,900,14.9959193911822,13.4243180157726,4.79026203483404,-0.597953601951983,-0.333727022591479,0.1369524932957,0.343364712741905,0.404475525263546,0.538553212605546,8.80833333333333,7.73572718102048,0.72799729,0.534816503
"65",6.94089944676549e-310,960,0.131247358517535,10.0160916361856,5.63357808694086,-0.142813060045017,-0.302627116967088,0.119218016925482,0.34098023805826,0.404452601254339,0.540638364791616,8.80833333333333,3.20245878047717,0.72799729,0.534816503
"66",6.94089944676549e-310,1020,-8.41471087651728,5.51903550279952,5.49183394665646,0.273919513768482,-0.245258398390253,0.104998538816852,0.338434826141913,0.404425212839508,0.542721889189184,8.80833333333333,1.05596734527182,0.72799729,0.534816503
"67",6.94089944676549e-310,1080,-10.213733239635,1.91494970177079,4.67791192059063,0.59530014155636,-0.170165242787437,0.095137255926687,0.335782839986769,0.404393000949209,0.544803784626128,8.80833333333333,0.051297123273514,0.72799729,0.534816503
"68",6.94089944676549e-310,1140,-11.0649773956129,-0.485729635266939,3.5888557157295,0.802166743743721,-0.0873899531867708,0.0899385991606702,0.333084996373897,0.404355769843097,0.546884049786112,8.80833333333333,-0.771701358729956,0.72799729,0.534816503
"69",6.94089944676549e-310,1200,-11.6993335213183,-2.20303823538311,2.45304431155481,0.901630552252015,-0.00585532162005543,0.0892046432697411,0.330401399615227,0.404313494322278,0.54896268329649,8.80833333333333,-1.44587929946039,0.72799729,0.534816503
"70",6.94089944676549e-310,1260,-12.1864342933488,-3.51088595936764,1.36696258848051,0.910500416904083,0.0677144037847453,0.0923612343002879,0.327785856561779,0.404266309008521,0.551039683815042,8.80833333333333,-1.99814750615388,0.72799729,0.534816503
"71",6.94089944676549e-310,1320,-12.5597650998968,-4.55193065571569,0.366513254857246,0.847068444983795,0.128822925102156,0.0985987977291431,0.325282078576739,0.404214484436069,0.553115050107395,8.80833333333333,-2.45055057913783,0.72799729,0.534816503
"72",6.94089944676549e-310,1380,-12.8432777252068,-5.40495235891664,-0.538927291783634,0.727955045727866,0.174845570663172,0.106992739081957,0.322921655251111,0.404158395202142,0.555188781109653,8.80833333333333,-2.82114685457924,0.72799729,0.534816503
"73",6.94073791988787e-310,0,-8.62840482805569,-1.93191600620983,2.75942631854269,4.71616331075638,4.32177426269149,4.16567401146746,4.26873828333312,4.3035938369248,4.35999843234089,8.80833333333333,0.775270770382519,0.72799729,0.534816503
"74",6.94073791988787e-310,60,-8.82217785582257,-2.48965221978723,2.04128396083216,4.5177941190196,4.33237099437687,4.17656157208147,4.26768937131508,4.30355820881279,4.36114489919574,8.80833333333333,0.526584357320019,0.72799729,0.534816503
"75",6.94073791988787e-310,120,-8.76147034440097,-2.9480950130919,1.40748030932252,4.30002256180777,4.32682827493531,4.18671319143303,4.26679928499244,4.30352128025753,4.36229044280614,8.80833333333333,0.322867221125591,0.72799729,0.534816503
"76",6.94073791988787e-310,180,-8.55427969244729,-3.32890769520087,0.850989375479922,4.07043961410889,4.30633218768926,4.19539665842449,4.26605034693199,4.30348348156638,4.3634350633262,8.80833333333333,0.15598769172874,0.72799729,0.534816503
"77",6.94073791988787e-310,240,-8.48820781227952,-3.63076501154068,0.362788969184539,3.834981824011,4.27233965118752,4.20200329809291,4.26541644653997,4.30344517912265,4.3645787611215,8.80833333333333,0.0192845264872403,0.72799729,0.534816503
"78",6.94073791988787e-310,300,-9.01712924665096,-3.83597225936944,-0.066537090000104,3.59823562338699,4.22643327383472,4.20604852669723,4.264864838418,4.30340665416445,4.36572153672937,8.80833333333333,-0.0926989831414744,0.72799729,0.534816503
"79",6.94073791988787e-310,360,-8.62402598128636,-4.05840765655274,-0.439961035730919,3.36358014064987,4.17022189286078,4.20716586015677,4.26435785764412,4.30336808691642,4.36686339080936,8.80833333333333,-0.184432824172973,0.72799729,0.534816503
"80",6.94073791988787e-310,420,-8.39694695900766,-4.21925630771826,-0.767173343762835,3.13361652627543,4.10526667900546,4.20509712872963,4.26385451120916,4.30332954526362,4.36800432408634,8.80833333333333,-0.259578688222859,0.72799729,0.534816503
"81",6.94073791988787e-310,480,-4.18360771289231,-3.96389734639332,-1.02866188933764,2.91061437442912,4.03304743681912,4.19968055527208,4.26331187559506,4.3032909779289,4.36914433728927,8.80833333333333,-0.00980672513674108,0.72799729,0.534816503
"82",6.94073791988787e-310,540,8.5445810150019,-1.85115923333655,-1.05472291317834,2.70258816467621,3.95512763172046,4.19084151762929,4.26268633176463,4.30325221122665,4.37028343108715,8.80833333333333,2.79213151119325,0.72799729,0.534816503
"83",6.94073791988787e-310,600,22.2819482432799,2.85051185288487,-0.456257957893111,2.53760470839426,3.87407327081141,4.1786093270747,4.26193478087132,4.30321294925944,4.37142160602427,8.80833333333333,7.10246375334407,0.72799729,0.534816503
"84",6.94073791988787e-310,660,28.5323111750187,8.46789609169316,0.956275382471511,2.46348401011699,3.79495480612061,4.16319955988139,4.26101645528054,4.30317277818932,4.37255886245656,8.80833333333333,11.6357316443923,0.72799729,0.534816503
"85",6.94073791988787e-310,720,33.353243724715,12.7644170186503,2.91444767827426,2.51931687278537,3.72547137279274,4.14513921001054,4.25989613500425,4.30313117746901,4.37369520049205,8.80833333333333,15.0399913509286,0.72799729,0.534816503
"86",6.94073791988787e-310,780,34.8469544453377,16.3989999255146,5.12573501765666,2.71662458417603,3.67404924223982,4.12533185241886,4.25854865710226,4.30308754214602,4.37483061993992,8.80833333333333,16.2999999999996,0.72799729,0.534816503
"87",6.94073791988787e-310,840,30.1567552590377,18.195758853868,7.28843315461956,3.04723831738391,3.64809497161319,4.10501694855665,4.25696346704854,4.30304121822431,4.37596512027498,8.80833333333333,15.0399887281509,0.72799729,0.534816503
"88",6.94073791988787e-310,900,18.8467836984017,17.4128115428558,8.96243456818717,3.4755439238602,3.65253021093133,4.08565742829462,4.25514805192112,4.30299154939674,4.37709870062388,8.80833333333333,11.6357271810206,0.72799729,0.534816503
"89",6.94073791988787e-310,960,4.14953886127672,13.9923481301641,9.77280973954482,3.93772073249857,3.68801779654,4.06875208971092,4.25312935098183,4.3029379306211,4.3782313597782,8.80833333333333,7.10245878047715,0.72799729,0.534816503
"90",6.94073791988787e-310,1020,-4.28100848752277,9.50309450400096,9.59353632358902,4.3574563135369,3.74996076691989,4.05558729759933,4.25095224468382,4.30287986156791,4.37936309623613,8.80833333333333,4.9559673452718,0.72799729,0.534816503
"91",6.94073791988787e-310,1080,-6.02449174810909,5.92028107123684,8.74679801812072,4.67749269137308,3.82937358423482,4.04699984906084,4.24867479566621,4.30281699089927,4.38049390827039,8.80833333333333,3.95129712327349,0.72799729,0.534816503
"92",6.94073791988787e-310,1140,-6.82444055883541,3.54434848471268,7.63510853783453,4.87962286025011,3.91583056657834,4.04325933718054,4.24636116584976,4.30274914323569,4.38162379401516,8.80833333333333,3.12829864127002,0.72799729,0.534816503
"93",6.94073791988787e-310,1200,-7.41137887018786,1.8517758876431,6.48700930497582,4.97237131735239,4.00018000023763,4.04411281068588,4.24407422830547,4.30267632507966,4.3827527515617,8.80833333333333,2.45412070053959,0.72799729,0.534816503
"94",6.94073791988787e-310,1260,-7.85755787675207,0.567862784552837,5.39635536294996,4.97373697548228,4.07562664522472,4.04892228460824,4.24186962312295,4.30259871156664,4.38388077905178,8.80833333333333,1.90185249384609,0.72799729,0.534816503
"95",6.94073791988787e-310,1320,-8.19557199487762,-0.449924301683808,4.39673822576623,4.90283721368886,4.13771751899218,4.05681509435219,4.23979187276692,4.30251661935935,4.38500787476007,8.80833333333333,1.44944942086215,0.72799729,0.534816503
"96",6.94073791988787e-310,1380,-8.4485162552516,-1.28058909634528,3.49608295958233,4.77685137694541,4.18394140914141,4.06681059129829,4.23787239986676,4.30243047144676,4.38613403715979,8.80833333333333,1.07885314542074,0.72799729,0.534816503
"97",6.94073791988233e-310,0,-3.51425100603866,2.86481662714017,7.442555833823,9.37484146090015,8.92985591135462,8.71684770972666,8.77714776915048,8.80239554534149,8.80392772054204,8.80833333333333,5.27527077038252,0.72799729,0.534816503
"98",6.94073791988233e-310,60,-3.76171515762644,2.3315443488469,6.73410813763964,9.17140322922318,8.94004756926499,8.72976737429206,8.77659921893163,8.80232378539462,8.80392806232479,8.80833333333333,5.02658435732002,0.72799729,0.534816503
"99",6.94073791988233e-310,120,-3.67176402408027,1.89413624072288,6.11195088413804,8.94973566367724,8.93368651867565,8.74176078849835,8.77622798915979,8.80225099517216,8.80392836489915,8.80833333333333,4.82286722112559,0.72799729,0.534816503
"100",6.94073791988233e-310,180,-3.56449836547014,1.54413963281615,5.56822991519374,8.71749185844659,8.91211812305727,8.75208048263809,8.7760130612039,8.80217766129204,8.80392862787597,8.80833333333333,4.65598769172874,0.72799729,0.534816503
"101",6.94073791988233e-310,240,-3.44431910336257,1.26243954631341,5.09443485943886,8.48063539402068,8.87694164334895,8.76011381242431,8.77592477244457,8.80210419496765,8.80392885110917,8.80833333333333,4.51928452648724,0.72799729,0.534816503
"102",6.94073791988233e-310,300,-3.31361251467641,1.0358261288866,4.68214133370567,8.24369880664965,8.82986318191003,8.76538153292793,8.77592678271231,8.80203091028074,8.80392903464891,8.80833333333333,4.40730101685853,0.72799729,0.534816503
"103",6.94073791988233e-310,360,-3.17401400141302,0.854742157339876,4.32362001193394,8.01005216904025,8.7725912151527,8.76752995866629,8.77597793840221,8.80195800807023,8.80392917868447,8.80833333333333,4.31556717582703,0.72799729,0.534816503
"104",6.94073791988233e-310,420,-2.95122267367755,0.719026274588314,4.01252846527884,7.78215327197946,8.70676721087867,8.76631923987313,8.77603396796078,8.80188556502022,8.80392928348008,8.80833333333333,4.24042131177714,0.72799729,0.534816503
"105",6.94073791988233e-310,480,1.21130540186203,0.999039613903105,3.76836371427385,7.56221785228107,8.63393175004776,8.76160977693206,8.77604897367443,8.8018135273842,8.8039293493061,8.80833333333333,4.49019327486326,0.72799729,0.534816503
"106",6.94073791988233e-310,540,13.5657072093136,3.1510815783636,3.76312394685736,7.35841717759663,8.5557042085063,8.75335180631011,8.77597672239811,8.80174170872924,8.80392937636803,8.80833333333333,7.29213151119325,0.72799729,0.534816503
"107",6.94073791988233e-310,600,27.06510977489,7.8647188638681,4.39223781231418,7.1996162239914,8.47475195504248,8.74160310502437,8.77577191498764,8.80166979128537,8.80392936473536,8.80833333333333,11.6024637533441,0.72799729,0.534816503
"108",6.94073791988233e-310,660,32.7620801302444,13.4316350635726,5.84084101913324,7.13481290678242,8.39635662394472,8.72661673144184,8.77539210175476,8.80159733164935,8.80392931427221,8.80833333333333,16.1357316443923,0.72799729,0.534816503
"109",6.94073791988233e-310,720,37.4897748582069,17.5517452975314,7.81151885661537,7.20294498807665,8.32849774556948,8.70897304564488,8.77480111687064,8.80152377402676,8.80392922457304,8.80833333333333,19.5399913509286,0.72799729,0.534816503
"110",6.94073791988233e-310,780,39.0390214233858,21.1125150221446,10.0132560764236,7.41359486665744,8.27976592751574,8.68964364347881,8.77397387289563,8.80144847549561,8.80392909490854,8.80833333333333,20.7999999999996,0.72799729,0.534816503
"111",6.94073791988233e-310,840,34.5025495898075,22.8724012038384,12.1612003720176,7.75747304381198,8.25757981799577,8.66994094970869,8.7729011083288,8.80137074528587,8.80392892418891,8.80833333333333,19.5399887281509,0.72799729,0.534816503
"112",6.94073791988233e-310,900,23.4139535293673,22.0594612868223,13.8106739117596,8.19790071998447,8.26676764356373,8.65139718837267,8.77159286438179,8.80128989595788,8.80392871095174,8.80833333333333,16.1357271810206,0.72799729,0.534816503
"113",6.94073791988233e-310,960,8.86340010684741,18.6293437962871,14.5840618547382,8.66912517643256,8.30772770242259,8.63556702434492,8.77007978692899,8.80120530145136,8.80392845337964,8.80833333333333,11.6024587804771,0.72799729,0.534816503
"114",6.94073791988233e-310,1020,0.570751243536878,14.1544354084269,14.3619777796053,9.09300272232439,8.37539670698214,8.62376581491855,8.76841129758596,8.80111645438689,8.80392814934913,8.80833333333333,9.4559673452718,0.72799729,0.534816503
"115",6.94073791988233e-310,1080,-1.1034767245399,10.5992441004434,13.4785988862744,9.4119328884939,8.46022165524713,8.6168218650012,8.76665029429483,8.8010230127671,8.80392779650817,8.80833333333333,8.45129712327349,0.72799729,0.534816503
"116",6.94073791988233e-310,1140,-1.86109696996173,8.25282098417072,12.3421503073712,9.6089182991726,8.55130057937899,8.61495922537945,8.76486542254303,8.80092482728938,8.80392739237361,8.80833333333333,7.62829864127002,0.72799729,0.534816503
"117",6.94073791988233e-310,1200,-2.41098499515628,6.58560047933094,11.180464206398,9.69416229582622,8.63920869675202,8.61785404895137,8.76312313556471,8.80082194546181,8.80392693443729,8.80833333333333,6.95412070053959,0.72799729,0.534816503
"118",6.94073791988233e-310,1260,-2.82390180732061,5.32316376812379,10.0846837186879,9.68705644756185,8.71707316162428,8.62478709313431,8.76148142294823,8.800714594923,8.80392642026826,8.80833333333333,6.40185249384609,0.72799729,0.534816503
"119",6.94073791988233e-310,1320,-3.13195412986685,4.32390412271217,9.08619927428673,9.60769730251088,8.78050106015056,8.63480618698951,8.75998582657149,8.80060315206255,8.80392584760179,8.80833333333333,5.94944942086215,0.72799729,0.534816503
"120",6.94073791988233e-310,1380,-3.35775862755389,3.51033060054275,8.19082492881947,9.47388594168928,8.82712241927842,8.64686068580961,8.75866752738151,8.80048810238828,8.80392521440885,8.80833333333333,5.57885314542074,0.72799729,0.534816503
"121",0,0,2.30889821201057,8.30392770505355,12.7320702739325,14.6097096385473,14.0874303473826,13.7939253836943,13.7905760427617,13.8010966891382,13.7392304565724,8.80833333333333,10.2752707703825,0.72799729,0.534816503
"122",0,60,1.98704209997831,7.80017515722678,12.0357035876167,14.4008341170006,14.0974882097245,13.8096962804092,13.7908013220036,13.8009925231853,13.737909724114,8.80833333333333,10.02658435732,0.72799729,0.534816503
"123",0,120,2.11173429198305,7.38734489403215,11.4279316593432,14.1751713974986,14.0905208308349,13.8242958216411,13.7912288412523,13.800888198154,13.7365900306522,8.80833333333333,9.82286722112559,0.72799729,0.534816503
"124",0,180,2.25131772741238,7.06292041907815,10.9003386748801,13.9404184132469,14.0680678179697,13.8369610489404,13.7918331810584,13.8007842754362,13.7352713753904,8.80833333333333,9.65598769172874,0.72799729,0.534816503
"125",0,240,2.40174290372427,6.80695099001965,10.4440117611165,13.7025257363025,14.0318979482507,13.8470774588615,13.7925800658081,13.8006812258303,13.7339537578172,8.80833333333333,9.51928452648724,0.72799729,0.534816503
"126",0,300,2.56107805036374,6.60581327726325,10.0501322681105,13.4659686404513,13.9838599369332,13.8541750857022,13.7934285447176,13.800579407119,13.7326371776505,8.80833333333333,9.40730101685853,0.72799729,0.534816503
"127",0,360,2.72772222713989,6.44970188823085,9.71066563905423,13.2340302376392,13.9257779161022,13.8579181680883,13.7943330302976,13.8004790479549,13.7313216347701,8.80833333333333,9.31556717582703,0.72799729,0.534816503
"128",0,420,2.98367965901735,6.33915110664613,9.41908138502827,13.0090671188511,13.8593837881369,13.8580910929669,13.7952451283372,13.8003802375073,13.7300071291439,8.80833333333333,9.24042131177714,0.72799729,0.534816503
"129",0,480,7.1150412363024,6.64523129201767,9.19550135396094,12.7932183397461,13.7862869723669,13.8545827604525,13.7961152272915,13.80028292018,13.7286936607489,8.80833333333333,9.49019327486326,0.72799729,0.534816503
"130",0,540,19.2606491856221,8.82644053486435,9.21534380958589,12.5948584902378,13.7081710982687,13.847374797589,13.7968938560806,13.8001868946687,13.7273812294916,8.80833333333333,12.2921315111932,0.72799729,0.534816503
"131",0,600,32.4829460216081,13.5545915737948,9.88074381281979,12.4439018235254,13.6278266036689,13.8365605854157,13.7975330147746,13.8000918168729,13.7260698351286,8.80833333333333,16.6024637533441,0.72799729,0.534816503
"132",0,660,38.2967131735931,19.0147520242477,11.3740593156826,12.3908670758494,13.5508018942602,13.822440080113,13.7979882192897,13.7999972075021,13.7247594771895,8.80833333333333,21.1357316443923,0.72799729,0.534816503
"133",0,720,41.9075127951366,23.0104277435643,13.3599482287977,12.4745645157618,13.4854324279524,13.8056606925042,13.7982222146248,13.7999024679623,13.7234501549074,8.80833333333333,24.5399913509286,0.72799729,0.534816503
"134",0,780,43.7662393054212,26.4532130552251,15.5527796940936,12.7019893605412,13.4405009586255,13.7872794135635,13.7982101340877,13.7998069095023,13.7221418671603,8.80833333333333,25.7999999999996,0.72799729,0.534816503
"135",0,840,38.872257103195,28.2188150605228,17.6820596558965,13.0625843738873,13.4234349929352,13.7686988384339,13.7979444797072,13.7997097975794,13.7208346124333,8.80833333333333,24.5399887281509,0.72799729,0.534816503
"136",0,900,28.9610716505113,27.2934774800874,19.3037293763787,13.5181895252159,13.4389361506682,13.7515361228134,13.7974386325519,13.7996104087073,13.7195283888095,8.80833333333333,21.1357271810206,0.72799729,0.534816503
"137",0,960,14.0766301086346,23.8854325615466,20.0290357293485,14.0006101956725,13.4870573881905,13.7374127440649,13.7967280026259,13.7995080942325,13.7182231939933,8.80833333333333,16.6024587804771,0.72799729,0.534816503
"138",0,1020,6.07672219587537,19.408207370679,19.7519867876143,14.4293062076552,13.5621320303464,13.7276759579124,13.7958677680813,13.799402342337,13.7169190253691,8.80833333333333,14.4559673452718,0.72799729,0.534816503
"139",0,1080,4.06811080857844,15.9264903264912,18.8235869237733,14.7464626058601,13.6538843146938,13.7231375179397,13.7949268681039,13.7992928276443,13.7156158800917,8.80833333333333,13.4512971232735,0.72799729,0.534816503
"140",0,1140,3.3698121333055,13.6170694300386,17.6591642455785,14.9368798000498,13.7508353940487,13.7239585180866,13.7939794342413,13.799179438622,13.7143137551975,8.80833333333333,12.62829864127,0.72799729,0.534816503
"141",0,1200,2.8747014934435,11.9798173960454,16.4831249521741,15.0129042364528,13.8432538608059,13.7297222819505,13.7930961711883,13.7990622789801,13.7130126477237,8.80833333333333,11.9541207005396,0.72799729,0.534816503
"142",0,1260,2.51425745620353,10.7419390858886,15.3828654448174,14.9956227895526,13.9242021885744,13.7396061377653,13.7923377005064,13.7989416463126,13.7117125548216,8.80833333333333,11.4018524938461,0.72799729,0.534816503
"143",0,1320,2.25591699582304,9.76404632820463,14.3866232073777,14.9062654100167,13.9893873106623,13.7525588374591,13.7917504889585,13.7988179950455,13.7104134738535,8.80833333333333,10.9494494208622,0.72799729,0.534816503
"144",0,1380,2.07719625258361,8.97017462079197,13.4979716315052,14.7633191202523,14.0366300063898,13.7674441732485,13.7913650554621,13.7986918910556,13.7091154024667,8.80833333333333,10.5788531454207,0.72799729,0.534816503
"145",0,0,8.72081221526147,13.9731811453824,17.779126506206,19.5630777820675,19.0592675047642,18.7115185290259,18.6310692331686,18.6202543729717,18.4943744868579,8.80833333333333,16.1602482302079,0.72799729,0.534816503
"146",0,60,8.93166633049665,13.580542775874,17.1863646997106,19.3625269533807,19.0642129705139,18.7283382919561,18.6322302535506,18.6201357981812,18.4917284652823,8.80833333333333,15.9866091962353,0.72799729,0.534816503
"147",0,120,9.12981402024966,13.3014336224793,16.6794478024885,19.1509767858211,19.0535365439374,18.7436633434906,18.6335905443426,18.6200183370836,18.4890846366687,8.80833333333333,15.8443688289516,0.72799729,0.534816503
"148",0,180,9.72673971931493,13.0739308782096,16.2518410199383,18.9352885108834,19.0289833069409,18.756822422166,18.6351203453292,18.6199025433623,18.4864429999093,8.80833333333333,15.7278493942248,0.72799729,0.534816503
"149",0,240,9.29418693213999,12.9775157475891,15.8894864388568,18.7207605447369,18.9924459752132,18.7672971171626,18.6367822385919,18.6197888671163,18.4838035541808,8.80833333333333,15.6323998468964,0.72799729,0.534816503
"150",0,300,9.42232317027549,12.8881061863053,15.5879943982672,18.5111092758829,18.945832804286,18.7747136778271,18.6385333974444,18.6196776354555,18.4811662988791,8.80833333333333,15.5542101774515,0.72799729,0.534816503
"151",0,360,9.64976726024828,12.8286979284181,15.3374681486301,18.3090250712297,18.8909731360913,18.7788291281239,18.6403276148129,18.6195690399905,18.4785312335471,8.80833333333333,15.4901593298674,0.72799729,0.534816503
"152",0,420,9.97420076312794,12.8082678286382,15.1309780346355,18.116312372025,18.8295631035416,18.779514670337,18.6421170774329,18.6194631300111,18.475898357796,8.80833333333333,15.4376906200574,0.72799729,0.534816503
"153",0,480,13.9955252811521,13.1911466680331,14.9892118001832,17.9346535614626,18.7631466230119,18.7767382922713,18.6438538705031,18.6193598105583,18.4732676712245,8.80833333333333,15.6120876120347,0.72799729,0.534816503
"154",0,540,25.6011593726376,15.3130447373954,15.0860185464579,17.7721635170231,18.693333674921,18.770552273646,18.6454912274751,18.6192588446454,18.4706391733384,8.80833333333333,17.5684705226083,0.72799729,0.534816503
"155",0,600,37.2869163126613,19.7453470419736,15.7955779626944,17.6581803477687,18.6228572112394,18.7611137236359,18.6469847582635,18.6191598590775,18.4680128634722,8.80833333333333,20.578051614761,0.72799729,0.534816503
"156",0,660,41.3725508998718,24.5967070157543,17.2551702484244,17.6403935502487,18.5571638328894,18.7487819166545,18.6482944423017,18.6190623548129,18.4653887407157,8.80833333333333,23.7432919173864,0.72799729,0.534816503
"157",0,720,43.9059659240212,27.8140302919998,19.0835386882175,17.7509995116096,18.5042122261084,18.734254687546,18.6493883263338,18.6189657256908,18.4627668038478,8.80833333333333,26.1202306473939,0.72799729,0.534816503
"158",0,780,45.3348075534137,30.6095887080142,21.0204664096623,17.9892097968534,18.4718881491697,18.7186103219542,18.6502475313201,18.6188692905036,18.4601470512852,8.80833333333333,26.9999999999998,0.72799729,0.534816503
"159",0,840,40.7162944877253,31.9647700288658,22.8554709797237,18.3408326298713,18.4663804374726,18.7032196313147,18.6508707429967,18.6187723396597,18.4575294810531,8.80833333333333,26.1202288161054,0.72799729,0.534816503
"160",0,900,31.6221276326354,30.9432152157482,24.2073177078996,18.7687752916528,18.4911775449643,18.6896083623364,18.6512769898601,18.6186741926931,18.454914090785,8.80833333333333,23.7432888009492,0.72799729,0.534816503
"161",0,960,18.1330444067264,27.7118481916875,24.7380586696778,19.209938693201,18.5454316575162,18.6792567661185,18.6515060558571,18.6185742605916,18.4523008777571,8.80833333333333,20.5780481425817,0.72799729,0.534816503
"162",0,1020,10.9912608461323,23.5710168008715,24.3623600882441,19.5912320476798,18.6230685042219,18.6733410049806,18.6516156387149,18.6184721043176,18.4496898389567,8.80833333333333,19.0793144777637,0.72799729,0.534816503
"163",0,1080,9.50408774278556,20.3999305780823,23.4145510286768,19.8616987109374,18.7139327887968,18.6724966840984,18.6516750093342,18.6183674792754,18.4470809711803,8.80833333333333,18.3778287606288,0.72799729,0.534816503
"164",0,1140,9.13144731578679,18.3553127432988,22.2832921628092,20.0109410903675,18.8070689477326,18.6767265217817,18.65175639634,18.6182603565808,18.4444742711498,8.80833333333333,17.8031907672773,0.72799729,0.534816503
"165",0,1200,8.90571205492218,16.9462270068422,21.1728917235223,20.0538282554969,18.8935070097925,18.6854908046172,18.6519266025731,18.6181509180571,18.4418697356337,8.80833333333333,17.3324629743412,0.72799729,0.534816503
"166",0,1260,8.77293208698668,15.9097206389767,20.1575613523964,20.0123924689825,18.9671415249565,18.6978881859323,18.6522408071213,18.6180395290883,18.4392673615585,8.80833333333333,16.9468555874192,0.72799729,0.534816503
"167",0,1320,8.70819508582635,15.1123716984278,19.2570081336852,19.9078459100141,19.024469037707,18.7128340174756,18.6527390646,18.6179266970404,18.436667146101,8.80833333333333,16.6309765187085,0.72799729,0.534816503
"168",0,1380,8.6948247822018,14.4818741715445,18.4692578299,19.7581223825684,19.0639953941962,18.7291993957446,18.653445092278,18.6178130229403,18.4340690867535,8.80833333333333,16.3722169891103,0.72799729,0.534816503
"169",6.94089944676549e-310,0,8.11515226761596,13.3854027275247,17.2037982311263,18.9979023457862,18.5071031718411,18.1710045113155,18.0999362903998,18.0913692459003,17.9726244646268,8.80833333333333,15.6521105333417,0.72799729,0.534816503
"170",6.94089944676549e-310,60,8.32311779066679,12.9921426816303,16.6108820309995,18.7980381723241,18.5119397631754,18.1874043526451,18.1009771129732,18.0912526739289,17.9701265707978,8.80833333333333,15.4799430166062,0.72799729,0.534816503
"171",6.94089944676549e-310,120,8.52047980073807,12.7117781227688,16.1035620598358,18.5870649673521,18.501226536429,18.202339857667,18.1022136164878,18.0911370164044,17.9676307378884,8.80833333333333,15.3389080761639,0.72799729,0.534816503
"172",6.94089944676549e-310,180,9.10224177361218,12.4837615308263,15.6752661316028,18.3718316863423,18.476686359094,18.2151421281068,18.1036166246452,18.0910228164799,17.9651369647951,8.80833333333333,15.2233760942738,0.72799729,0.534816503
"173",6.94089944676549e-310,240,8.69801598357417,12.3836331430301,15.3121518441752,18.1576273494545,18.4401923163329,18.225293434728,18.1051493312591,18.0909105158093,17.9626452506926,8.80833333333333,15.1287354414142,0.72799729,0.534816503
"174",6.94089944676549e-310,300,8.83094474809701,12.2920683413714,15.0096659429914,17.9481712991936,18.3936357860326,18.2324193312613,18.1067695217243,18.0908004352222,17.9601555949706,8.80833333333333,15.0512083962867,0.72799729,0.534816503
"175",6.94089944676549e-310,360,9.05806673652633,12.2308013618829,14.7580053835973,17.7461570755671,18.3388322334184,18.2362750703656,18.1084315795181,18.0906927622013,17.957667997162,8.80833333333333,14.9877003524957,0.72799729,0.534816503
"176",6.94089944676549e-310,420,9.38013197854539,12.2084650630848,14.5502732326644,17.5533956155294,18.2774667098968,18.2367292913935,18.1100882435766,18.0905875439779,17.9551824568664,8.80833333333333,14.9356762927688,0.72799729,0.534816503
"177",6.94089944676549e-310,480,13.4027974259967,12.5892960011972,14.4070694606292,17.371573183176,18.2110744410215,18.2337468772072,18.1116921007733,18.0904846854665,17.9526989736703,8.80833333333333,15.1085953441361,0.72799729,0.534816503
"178",6.94089944676549e-310,540,24.9938975971046,14.7090547266687,14.5016961677899,17.2087740097774,18.1412569315207,18.227376621327,18.1131968274049,18.0903839513085,17.950217547068,8.80833333333333,17.0483987385184,0.72799729,0.534816503
"179",6.94089944676549e-310,600,36.6889380582936,19.1348526164588,15.2072271478171,17.0941851925008,18.0707306479551,18.2177715707034,18.1145584095871,18.0902849714848,17.9477381763842,8.80833333333333,20.0324749061613,0.72799729,0.534816503
"180",6.94089944676549e-310,660,40.8222907918489,23.9848974318714,16.6607589022735,17.0752511924206,18.0049053598832,18.2052853899072,18.11573711896,18.0901872514247,17.9452608607015,8.80833333333333,23.1708911384254,0.72799729,0.534816503
"181",6.94089944676549e-310,720,43.3642933941131,27.2163806587745,18.4854240274314,17.1841453327026,17.9516890796126,18.1906074984245,18.1167011723361,18.0900901903813,17.9427855987954,8.80833333333333,25.5276863198736,0.72799729,0.534816503
"182",6.94089944676549e-310,780,44.7679070347275,30.0133128492722,20.4204767684837,17.4203452546319,17.9189366267103,18.1748052410341,18.1174316892581,18.0899931129827,17.940312389083,8.80833333333333,26.3999999999997,0.72799729,0.534816503
"183",6.94089944676549e-310,840,40.1285724067536,31.3667780572275,22.2537252266083,17.7697550464653,17.9128270205686,18.1592376691007,18.117927151965,18.0898953152159,17.9378412295941,8.80833333333333,25.5276845041044,0.72799729,0.534816503
"184",6.94089944676549e-310,900,31.0233305746866,30.3473857881538,23.6055228533989,18.1954497459877,17.9368532305323,18.1454191517741,18.1182061783396,18.0897961211821,17.9353721179707,8.80833333333333,23.1708880483988,0.72799729,0.534816503
"185",6.94089944676549e-310,960,17.5268786256595,27.1206667081186,24.1391179706143,18.6347027556288,17.9902020561145,18.1348205249096,18.1183079530628,18.0896949446796,17.9329050515005,8.80833333333333,20.0324714634073,0.72799729,0.534816503
"186",6.94089944676549e-310,1020,10.3834978162861,22.9823829483206,23.7684555792955,19.0148033429949,18.0668720925941,18.1286128739683,18.1182894400472,18.0895913470983,17.9304400271837,8.80833333333333,18.546438931342,0.72799729,0.534816503
"187",6.94089944676549e-310,1080,8.89550581245936,19.8114034506121,22.8256250655343,19.2849131155591,18.1568012240279,18.127432984602,18.1182191349667,18.0894850815181,17.9279770418298,8.80833333333333,17.8508980084201,0.72799729,0.534816503
"188",6.94089944676549e-310,1140,8.52436037224927,17.7661726002394,21.6981321207359,19.434465925903,18.2491127466989,18.1312909149632,18.118168560389,18.0893761139799,17.9255160921715,8.80833333333333,17.2811298285716,0.72799729,0.534816503
"189",6.94089944676549e-310,1200,8.29964245583696,16.3567424872295,20.5902630850163,19.4780818740532,18.3348820096272,18.1396583700055,18.1182039735038,18.0892646188571,17.9230571749847,8.80833333333333,16.8143912542197,0.72799729,0.534816503
"190",6.94089944676549e-310,1260,8.16740745787698,15.3201165239248,19.5765339548183,19.4375883110566,18.4080176164478,18.1516469536237,18.1183802185485,18.0891509523496,17.9206002871984,8.80833333333333,16.4320517265089,0.72799729,0.534816503
"191",6.94089944676549e-310,1320,8.10282033702063,14.5227028052335,18.6769335772673,19.3340566788598,18.4650088716187,18.1661845357967,18.118737237087,18.089035611667,17.9181454259851,8.80833333333333,16.1188495990584,0.72799729,0.534816503
"192",6.94089944676549e-310,1380,8.08928278847171,13.8920702491144,17.8896885036665,19.185332103798,18.5043423936238,18.1821531102083,18.1192988386741,18.088919187472,17.9156925888272,8.80833333333333,15.8622829468297,0.72799729,0.534816503
"193",2.12199579788219e-314,0,2.23190676280191,7.50978509144373,11.5527507176997,13.4338825393638,13.0366994146223,12.7978297728027,12.8100259970666,12.8216728509259,12.7722500675219,8.80833333333333,10.3602482302079,0.72799729,0.534816503
"194",2.12199579788219e-314,60,2.04764378270396,7.11015369404857,10.9392753333854,13.2381775189095,13.0417309762834,12.8109223562578,12.8100292454167,12.8215802252146,12.7711924839883,8.80833333333333,10.1866091962353,0.72799729,0.534816503
"195",2.12199579788219e-314,120,2.25065026892672,6.7937390195023,10.410768010083,13.0294562146746,13.031533672073,12.8228367999823,12.8102020142131,12.8214870037748,12.7701357226229,8.80833333333333,10.0443688289516,0.72799729,0.534816503
"196",2.12199579788219e-314,180,2.45620280908469,6.55600072622519,9.95851668804819,12.8146402976763,13.0076211891871,12.8329075191554,12.8105202271399,12.8213936530735,12.7690797825486,8.80833333333333,9.92784939422478,0.72799729,0.534816503
"197",2.12199579788219e-314,240,2.66230489636876,6.37792011367123,9.57337894120388,12.5990194321638,12.9716910738108,12.8406064043195,12.8109522103989,12.8213005555636,12.7680246631229,8.80833333333333,9.83239984689641,0.72799729,0.534816503
"198",2.12199579788219e-314,300,2.86862444198355,6.24675717051908,9.24645114962888,12.3865071354451,12.9254909374338,12.8455378063399,12.8114606823384,12.8212079907342,12.7669703638852,8.80833333333333,9.75421017745151,0.72799729,0.534816503
"199",2.12199579788219e-314,360,3.07498153726942,6.1535231670186,8.96972054966957,12.1799113726301,12.8707255738429,12.84742794792,12.8120045956457,12.821116121859,12.7659168844974,8.80833333333333,9.69015932986741,0.72799729,0.534816503
"200",2.12199579788219e-314,420,3.36515672029202,6.09958768224786,8.73676191284802,11.9811890358698,12.8089979312956,12.8461111954898,12.812540776175,12.8210249879022,12.7648642246771,8.80833333333333,9.63769062005741,0.72799729,0.534816503
"201",2.12199579788219e-314,480,7.43151215594752,6.44905856592457,8.56741375349913,11.7921383974744,12.7417850226463,12.8415151332971,12.8130253329153,12.8209344999217,12.7638123841287,8.80833333333333,9.8120876120347,0.72799729,0.534816503
"202",2.12199579788219e-314,540,18.8618290552647,8.57291241181536,8.6304573501303,11.6206612150448,12.6706335174143,12.833649609501,12.8134148516704,12.8208444412844,12.7627613624728,8.80833333333333,11.7684705226083,0.72799729,0.534816503
"203",2.12199579788219e-314,600,30.9084577062806,13.0033491772136,9.29662303751317,11.4948754976267,12.5981418239784,12.822625372278,12.8136675709174,12.820754471253,12.7617111591779,8.80833333333333,14.778051614761,0.72799729,0.534816503
"204",2.12199579788219e-314,660,35.0005607520813,18.0021548842438,10.7080123732285,11.4609251533236,12.529456242765,12.808742732821,12.8137452336599,12.8206641327556,12.7606617734937,8.80833333333333,17.9432919173863,0.72799729,0.534816503
"205",2.12199579788219e-314,720,38.7964199668714,21.4040659001608,12.5313173817607,11.5517868099211,12.4721616107295,12.7926181399254,12.813616463183,12.8205728676532,12.7596132043918,8.80833333333333,20.3202306473939,0.72799729,0.534816503
"206",2.12199579788219e-314,780,39.812490139146,24.3621002109433,14.4960139046581,11.770378833319,12.4340248134989,12.7752312316739,12.8132613721057,12.8204800439079,12.7585654505175,8.80833333333333,21.1999999999997,0.72799729,0.534816503
"207",2.12199579788219e-314,840,35.4706665747154,25.7332885278042,16.369895911007,12.1041097903309,12.4213582446048,12.7578559477928,12.8126758673262,12.8203849960881,12.7575185101597,8.80833333333333,20.3202288161053,0.72799729,0.534816503
"208",2.12199579788219e-314,900,25.2507117511718,24.8174992454693,17.7680312193803,12.517271777226,12.4379086296308,12.7419345446477,12.8118745052845,12.8202870763664,12.7564723812466,8.80833333333333,17.9432888009492,0.72799729,0.534816503
"209",2.12199579788219e-314,960,12.0770512423634,21.550506391676,18.3612746207706,12.9489966354134,12.4832912201257,12.7288897219993,12.8108911846458,12.8201857106647,12.7554270613713,8.80833333333333,14.7780481425817,0.72799729,0.534816503
"210",2.12199579788219e-314,1020,4.54126383472344,17.3945629293475,18.0490234374673,13.3282511950418,12.5521343178633,12.7198824988276,12.809776870291,12.8200804524545,12.754382547847,8.80833333333333,13.2793144777637,0.72799729,0.534816503
"211",2.12199579788219e-314,1080,3.29833444554332,14.1392515610657,17.1499772951094,13.603909621213,12.635070706835,12.7155878748851,12.8085940963536,12.8199710248713,12.7533388377897,8.80833333333333,12.5778287606288,0.72799729,0.534816503
"212",2.12199579788219e-314,1140,2.86637748691458,12.0423253712632,16.0465058787192,13.7631989613442,12.7217390006421,12.716098091401,12.8074093054684,12.8198573429176,12.7522959282181,8.80833333333333,12.0031907672773,0.72799729,0.534816503
"213",2.12199579788219e-314,1200,2.59036494817904,10.5894558751714,14.9472375265955,13.8184154687798,12.8034328143784,12.7209921196426,12.8062851999117,12.8197395126541,12.7512538161598,8.80833333333333,11.5324629743412,0.72799729,0.534816503
"214",2.12199579788219e-314,1260,2.4100062125789,9.51600171187937,13.9312698177956,13.7896416433302,12.874031556227,12.7294934020132,12.8052749061241,12.8196178103484,12.7502124987508,8.80833333333333,11.1468555874192,0.72799729,0.534816503
"215",2.12199579788219e-314,1320,2.30020920155394,8.68598710774254,13.0222837931869,13.6968513756597,12.9298385578079,12.7406312352397,12.804418481537,12.81949264807,12.7491719733195,8.80833333333333,10.8309765187085,0.72799729,0.534816503
"216",2.12199579788219e-314,1380,2.2439965167359,8.02534095045624,12.2210777633988,13.55728341456,12.9690783833632,12.7533702415045,12.803741473908,12.8193645323292,12.7481322374501,8.80833333333333,10.5722169891103,0.72799729,0.534816503
"217",6.94089944676549e-310,0,-4.61047580123999,1.31695083703031,5.51557745833355,7.46129508435387,7.14380230140433,6.9885301454937,7.06713729092128,7.09414916798386,7.11656692696727,8.80833333333333,4.65211053334173,0.72799729,0.534816503
"218",6.94089944676549e-310,60,-4.48842411211696,0.86736017065799,4.88739782201149,7.27061386964658,7.14909322461688,6.99872472386987,7.06634396597675,7.09409665604515,7.11700722309842,8.80833333333333,4.47994301660617,0.72799729,0.534816503
"219",6.94089944676549e-310,120,-4.34643433043173,0.523598264929587,4.34095222660079,7.06527894827607,7.13956852641262,7.00799601183101,7.06569557182704,7.0940428005566,7.11744713845753,8.80833333333333,4.33890807616388,0.72799729,0.534816503
"220",6.94089944676549e-310,180,-4.02180707376375,0.245201718583028,3.86947533119102,6.85215790096124,7.11654038023907,7.01568965419974,7.06517254117046,7.09398799479018,7.11788667273844,8.80833333333333,4.22337609427376,0.72799729,0.534816503
"221",6.94089944676549e-310,240,-3.71738538567269,0.0281019141265353,3.46365875318584,6.63658613923073,7.08153192174103,7.02127501821369,7.0647478512403,7.09393256349915,7.11832582582807,8.80833333333333,4.12873544141422,0.72799729,0.534816503
"222",6.94089944676549e-310,300,-4.20487500891125,-0.0869381672164863,3.11274313469816,6.42258990300696,7.03614472411849,7.02434297929323,7.06438880666608,7.09387674428565,7.1187645977645,8.80833333333333,4.05120839628665,0.72799729,0.534816503
"223",6.94089944676549e-310,360,-3.879675024532,-0.219328667303782,2.81392342508713,6.21300913071926,6.98196826350502,7.02459785239759,7.06405870640348,7.09382067424189,7.11920298868648,8.80833333333333,3.98770035249566,0.72799729,0.534816503
"224",6.94089944676549e-310,420,-3.60660928406245,-0.303786569115292,2.55815931794717,6.00996952907162,6.92051482817591,7.02184608821334,7.06371836252882,7.09376438102307,7.11964099877686,8.80833333333333,3.93567629276879,0.72799729,0.534816503
"225",6.94089944676549e-310,480,0.506754494943654,0.015214801683912,2.36488727040205,5.81535620137511,6.85319472797505,7.01598344969604,7.06332740844886,7.09370777820034,7.12007862820283,8.80833333333333,4.10859534413612,0.72799729,0.534816503
"226",6.94089944676549e-310,540,12.3710714398094,2.09582599552473,2.40005449405684,5.63684948757923,6.78149204789853,7.00698544215969,7.06284543577037,7.09365066397289,7.12051587705435,8.80833333333333,6.04839873851836,0.72799729,0.534816503
"227",6.94089944676549e-310,600,24.7418696386765,6.52071705111825,3.02732532022601,5.50152172221984,6.70788021996964,6.99492446409266,7.06223311404581,7.09359272306758,7.12095274528297,8.80833333333333,9.03247490616127,0.72799729,0.534816503
"228",6.94089944676549e-310,660,29.5565440602772,11.6014489885357,4.3964683821504,5.45407226523338,6.63723748009607,6.98005116572174,7.06145391484786,7.09353353249203,7.12138923264256,8.80833333333333,12.1708911384254,0.72799729,0.534816503
"229",6.94089944676549e-310,720,33.4628379734109,15.2478269963888,6.21282740031168,5.52821793310713,6.57681636408988,6.96291260961662,7.06047721037262,7.09347257404468,7.12182533863482,8.80833333333333,14.5276863198736,0.72799729,0.534816503
"230",6.94089944676549e-310,780,33.941130391506,18.3480814271833,8.19942774785903,5.72989747979446,6.53425238162078,6.94440339913912,7.05928254001651,7.09340925752689,7.1222610624643,8.80833333333333,15.3999999999997,0.72799729,0.534816503
"231",6.94089944676549e-310,840,29.8629455406472,19.739446696634,10.1066205391479,6.04796673358853,6.51593853613936,6.92571152404633,7.05786372915881,7.09334295618776,7.12269640300908,8.80833333333333,14.5276845041044,0.72799729,0.534816503
"232",6.94089944676549e-310,900,19.7946035489605,18.819366365597,11.5447092482595,6.44784888276647,6.5258219838633,6.90820316169463,7.0562317729468,7.09327305222836,7.12313135881326,8.80833333333333,12.1708880483988,0.72799729,0.534816503
"233",6.94089944676549e-310,960,5.696771039971,15.6075172184756,12.1855924268586,6.87061116121315,6.5638878460399,6.89324517976669,7.0544157382744,7.093198987713,7.12356592810558,8.80833333333333,9.03247146340732,0.72799729,0.534816503
"234",6.94089944676549e-310,1020,-1.1866761402584,11.3627463573064,11.9282804763857,7.24693694842497,6.62534448814255,6.88197730087798,7.05246092419492,7.09312031406033,7.12400010884511,8.80833333333333,7.54643893134204,0.72799729,0.534816503
"235",6.94089944676549e-310,1080,-3.41937155769921,8.12350857662394,11.0689420899143,7.5258708804688,6.70149436820978,6.87509877730586,7.05042405330669,7.09303673180011,7.1244338987912,8.80833333333333,6.85089800842013,0.72799729,0.534816503
"236",6.94089944676549e-310,1140,-3.88888440118232,5.98285254772771,9.99216307834765,7.69291662522863,6.78250936097846,6.8727691716458,7.04836639272288,7.09294811307381,7.12486729559024,8.80833333333333,6.28112982857158,0.72799729,0.534816503
"237",6.94089944676549e-310,1200,-4.1868493989885,4.49207101792731,8.90538646413222,7.75826227365992,6.85996149673823,6.87466251492306,7.0463467513855,7.0928545036904,7.12530029686896,8.80833333333333,5.81439125421974,0.72799729,0.534816503
"238",6.94089944676549e-310,1260,-4.38563366037794,3.38631546515556,7.89146568783331,7.74029609211862,6.92776605179707,6.8801061337303,7.04441599903682,7.09275610708592,7.12573290032366,8.80833333333333,5.43205172650886,0.72799729,0.534816503
"239",6.94089944676549e-310,1320,-4.51252032266431,2.5276734612685,6.97740749906572,7.65785850641887,6.98210199169643,6.88822728662536,7.04261363337065,7.09265325559735,7.12616510379722,8.80833333333333,5.11884959905842,0.72799729,0.534816503
"240",6.94089944676549e-310,1380,-4.58495493622872,1.84053561616071,6.16641575864112,7.52751328837839,7.02098239359211,6.89807378941914,7.04096619912825,7.09254637478077,7.1265969053385,8.80833333333333,4.86228294682974,0.72799729,0.534816503
"241",6.94073791989063e-310,0,-12.4397771090777,-6.12031600923655,-1.71907050894882,0.256484772334134,0.000384795911540219,-0.0795973118027169,0.056110106807248,0.0959767343257459,0.201880578510443,8.80833333333333,-2.34788946665827,0.72799729,0.534816503
"242",6.94073791989063e-310,60,-12.3718598338984,-6.60677236641354,-2.36792971276123,0.0721762548171232,0.00669505413821019,-0.0719935354383128,0.0546683414662961,0.0959828743984628,0.204065692751709,8.80833333333333,-2.52005698339383,0.72799729,0.534816503
"243",6.94073791989063e-310,120,-12.2750506953705,-6.99069688517782,-2.93753127511297,-0.12880518801087,-0.00136928481866683,-0.0650475723387537,0.0533488774109818,0.0959875832536222,0.206249120223959,8.80833333333333,-2.66109192383612,0.72799729,0.534816503
"244",6.94073791989063e-310,180,-12.0443615256152,-7.30620918159061,-3.43450497601462,-0.339597924632775,-0.0227243258027614,-0.0594007519208417,0.0521366220286914,0.0959911857788732,0.208430861564359,8.80833333333333,-2.77662390572624,0.72799729,0.534816503
"245",6.94073791989063e-310,240,-11.9229257466241,-7.55370150252746,-3.86773930993336,-0.554821702147794,-0.0560450158950248,-0.0555855688895977,0.0510092112837728,0.0959939531923971,0.210610917565504,8.80833333333333,-2.87126455858578,0.72799729,0.534816503
"246",6.94073791989063e-310,300,-12.3596328212952,-7.71432578824158,-4.24646492356044,-0.770373845599745,-0.0998954138550655,-0.0540251474761216,0.0499385662296385,0.0959960850503011,0.212789289142564,8.80833333333333,-2.94879160371335,0.72799729,0.534816503
"247",6.94073791989063e-310,360,-12.3349021036659,-7.86626342615614,-4.57478364257614,-0.983257753840948,-0.15282031480584,-0.0550385628546389,0.0488923809484605,0.0959976957745714,0.214965977292193,8.80833333333333,-3.01229964750434,0.72799729,0.534816503
"248",6.94073791989063e-310,420,-11.8108267799351,-8.00900748649714,-4.85889360525872,-1.19124806590242,-0.2134057300785,-0.0588494743632878,0.0478354903041784,0.0959988051725009,0.217140983045577,8.80833333333333,-3.06432370723121,0.72799729,0.534816503
"249",6.94073791989063e-310,480,-7.6629196198087,-7.72762415354593,-5.0826278085135,-1.39231869328861,-0.280314991424155,-0.0655964043490184,0.046731093056779,0.0959993325627104,0.219314307417435,8.80833333333333,-2.89140465586388,0.72799729,0.534816503
"250",6.94073791989063e-310,540,4.59924494430624,-5.68287411249095,-5.08297526124518,-1.57904705441268,-0.35213622292215,-0.0753411274307198,0.0455418174817657,0.0959990941484195,0.221485951352959,8.80833333333333,-0.951601261481642,0.72799729,0.534816503
"251",6.94073791989063e-310,600,17.4040582078996,-1.24352731198714,-4.50029192318505,-1.72544365521455,-0.426533112505178,-0.0880530055448648,0.0442307758809662,0.0959978032735931,0.223655915674219,8.80833333333333,2.03247490616127,0.72799729,0.534816503
"252",6.94073791989063e-310,660,23.0739288744126,3.95244556433647,-3.17530302576489,-1.78811142776845,-0.498904323841207,-0.103534820268752,0.0427631562156195,0.0959950741640462,0.225824201027517,8.80833333333333,5.17089113842542,0.72799729,0.534816503
"253",6.94073791989063e-310,720,27.1474545930256,7.89007812752744,-1.36298006548966,-1.73241409477533,-0.562331431270043,-0.12131261736836,0.0411090442403856,0.0959904316983307,0.227990807834183,8.80833333333333,7.52768631987362,0.72799729,0.534816503
"254",6.94073791989063e-310,780,27.5404333739357,11.1354409361018,0.654721512153822,-1.54915726971228,-0.609306902921178,-0.140580547623834,0.0392473501863863,0.0959833307040033,0.230155736248808,8.80833333333333,8.39999999999975,0.72799729,0.534816503
"255",6.94073791989063e-310,840,23.252278507688,12.5944646096157,2.60410444335853,-1.24794108024719,-0.633348637058422,-0.160240479666339,0.037169735935266,0.0959731863946073,0.232318986130476,8.80833333333333,7.5276845041044,0.72799729,0.534816503
"256",6.94073791989063e-310,900,12.8904726821756,11.7103955501877,4.0935607198078,-0.861934204156019,-0.630285212329998,-0.179006184946873,0.0348835141558335,0.0959594143787991,0.234480557032442,8.80833333333333,5.17088804839875,0.72799729,0.534816503
"257",6.94073791989063e-310,960,-1.51760451118447,8.5032243031479,4.79533067869076,-0.448105529099318,-0.59971866242838,-0.195569278571772,0.0324127551062412,0.095941476254982,0.236640448214335,8.80833333333333,2.03247146340732,0.72799729,0.534816503
"258",6.94073791989063e-310,1020,-8.65356105183096,4.22908378443278,4.60121506643918,-0.0739809319024773,-0.545830595759793,-0.208812994293908,0.0297968890372121,0.0959189247348931,0.238798658678216,8.80833333333333,0.546438931342038,0.72799729,0.534816503
"259",6.94073791989063e-310,1080,-10.9616137928149,0.936011896132757,3.79379666017162,0.209594785181041,-0.476612105031894,-0.218014704579623,0.0270865770434226,0.0958914408800862,0.24095518722637,8.80833333333333,-0.149101991579869,0.72799729,0.534816503
"260",6.94073791989063e-310,1140,-11.4903863722158,-1.26029421963375,2.74974289974215,0.386322329270851,-0.401311243287248,-0.222946524532876,0.0243376219429731,0.0958588566459754,0.243110032534847,8.80833333333333,-0.718870171428421,0.72799729,0.534816503
"261",6.94073791989063e-310,1200,-11.8424033533699,-2.801384767635,1.67832864360965,0.46401394164522,-0.328045502855121,-0.223836241771923,0.0216046303884523,0.0958211596059101,0.245263193234051,8.80833333333333,-1.18560874578026,0.72799729,0.534816503
"262",6.94073791989063e-310,1260,-12.0904299979305,-3.95200836432193,0.666805913106053,0.459144460350291,-0.262845337364453,-0.221247730543778,0.0189359109730044,0.0957784815190144,0.247414667987336,8.80833333333333,-1.56794827349114,0.72799729,0.534816503
"263",6.94073791989063e-310,1320,-12.2625736655447,-4.85134522856175,-0.254025312617988,0.389231591878506,-0.209655917928293,-0.215949731816059,0.0163701323348714,0.0957310751759121,0.24956445556038,8.80833333333333,-1.88115040094158,0.72799729,0.534816503
"264",6.94073791989063e-310,1380,-12.3769667809367,-5.5763008298277,-1.07800498171739,0.269995137713942,-0.170692316265576,-0.208804991124563,0.0139346211373636,0.0956792843887038,0.251712554876443,8.80833333333333,-2.13771705317026,0.72799729,0.534816503
"265",6.9407379198851e-310,0,-17.6320805497716,-11.0638505627947,-6.53101274888337,-4.54560546221118,-4.77184531981063,-4.81184941899378,-4.64853353082814,-4.60281453152689,-4.44332443322796,8.80833333333333,-7.04788946665826,0.72799729,0.534816503
"266",6.9407379198851e-310,60,-17.594031435509,-11.571817555818,-7.19278267490151,-4.72571156339891,-4.76481254820969,-4.80565319692216,-4.65027059442801,-4.6027656790966,-4.44001724002801,8.80833333333333,-7.22005698339382,0.72799729,0.534816503
"267",6.9407379198851e-310,120,-17.5239560883574,-11.9791513360147,-7.77670215503472,-4.92368487158198,-4.77185208748288,-4.79996312400545,-4.65189853933786,-4.6027179943826,-4.43671251422741,8.80833333333333,-7.36109192383611,0.72799729,0.534816503
"268",6.9407379198851e-310,180,-17.3428048175091,-12.3168466999616,-8.2893010810659,-5.13268508433064,-4.79201346845971,-4.79540923268323,-4.65342993525771,-4.6026711927847,-4.43341025451038,8.80833333333333,-7.47662390572623,0.72799729,0.534816503
"269",6.9407379198851e-310,240,-17.2892842027585,-12.5851127906771,-8.73913914824692,-5.34731799330569,-4.82408962673591,-4.7925215846674,-4.65488445390331,-4.60262503510302,-4.43011045942751,8.80833333333333,-7.57126455858577,0.72799729,0.534816503
"270",6.9407379198851e-310,300,-17.6300546695151,-12.7773980163665,-9.13459884007841,-5.56344213112344,-4.866745422152,-4.79172825883117,-4.65628744735487,-4.60257934495731,-4.42681312742359,8.80833333333333,-7.64879160371333,0.72799729,0.534816503
"271",6.9407379198851e-310,360,-17.2342293551207,-12.9791698416908,-9.47926286530966,-5.77799559168365,-4.9186090123628,-4.79335916534356,-4.65766857116433,-4.60253402211652,-4.42351825687342,8.80833333333333,-7.71229964750432,0.72799729,0.534816503
"272",6.9407379198851e-310,420,-17.2642298055519,-13.1083797500999,-9.7826377015244,-5.98861178684917,-4.97833790040283,-4.79765328791393,-4.65906050501015,-4.60248905217732,-4.42022584612332,8.80833333333333,-7.7643237072312,0.72799729,0.534816503
"273",6.9407379198851e-310,480,-13.1208891575091,-12.8491920910198,-10.0249988708051,-6.19326000563115,-5.04465080659106,-4.80476794721692,-4.66049779875957,-4.60244451291456,-4.41693589353681,8.80833333333333,-7.59140465586393,0.72799729,0.534816503
"274",6.9407379198851e-310,540,-0.584801927071805,-10.837631082486,-10.0475162167748,-6.3846738942717,-5.11618534581919,-4.81478599810573,-4.66201585715354,-4.60240057760458,-4.41364839754266,8.80833333333333,-5.65160126148157,0.72799729,0.534816503
"275",6.9407379198851e-310,600,12.5028306073202,-6.40021949810279,-9.49538833117434,-6.53764855404188,-5.19069863054388,-4.82770113511706,-4.6636499301588,-4.60235751563621,-4.41036335668382,8.80833333333333,-2.66752509383866,0.72799729,0.534816503
"276",6.9407379198851e-310,660,18.7855092101702,-1.12390582280038,-8.20005009322985,-6.60973821336341,-5.26378000555461,-4.84334853439726,-4.66543361138382,-4.60231568986651,-4.40708076966595,8.80833333333333,0.470891138425486,0.72799729,0.534816503
"277",6.9407379198851e-310,720,22.9827202226417,3.00908157074216,-6.39079684778873,-6.56565852128074,-5.328737928574,-4.8613000676691,-4.66739619868365,-4.60227554841977,-4.40380063540321,8.80833333333333,2.82768631987369,0.72799729,0.534816503
"278",6.9407379198851e-310,780,23.3077470366607,6.35921287737788,-4.35250319398352,-6.39415184291781,-5.37816547319477,-4.88080688749774,-4.66955899357307,-4.60223760771118,-4.40052295305777,8.80833333333333,3.6999999999997,0.72799729,0.534816503
"279",6.9407379198851e-310,840,18.8999290674116,7.86744250353026,-2.37408171628783,-6.10343017581703,-5.40552786845928,-4.90083001621264,-4.67193151613894,-4.60220242504898,-4.39724772206789,8.80833333333333,2.82768450410447,0.72799729,0.534816503
"280",6.9407379198851e-310,900,8.35216837862365,7.00944227099593,-0.849745220875548,-5.72578762965791,-5.40650173046152,-4.92013646601853,-4.6745086145453,-4.60217056203124,-4.39397494215962,8.80833333333333,0.47088804839882,0.72799729,0.534816503
"281",6.9407379198851e-310,960,-6.30286361082477,3.8034455707801,-0.107609954341083,-5.31719623330537,-5.38042645225049,-4.93745770039474,-4.67726924018102,-4.60214254229576,-4.39070461333805,8.80833333333333,-2.66752853659273,0.72799729,0.534816503
"282",6.9407379198851e-310,1020,-13.637578848245,-0.498534068991596,-0.261193206989823,-4.94419849358579,-5.33109499363856,-4.95169445633529,-4.68017757953686,-4.60211880920194,-4.38743673585678,8.80833333333333,-4.15356106865801,0.72799729,0.534816503
"283",6.9407379198851e-310,1080,-16.0147314582073,-3.83749944499803,-1.03705621689179,-4.65758627446204,-5.26605319608672,-4.96211221615586,-4.6831867655793,-4.60209969030915,-4.38417131016724,8.80833333333333,-4.84910199157991,0.72799729,0.534816503
"284",6.9407379198851e-310,1140,-16.5721977184052,-6.07792483966108,-2.06177226746297,-4.47489030342161,-5.19419538759427,-4.96844294594271,-4.68624447789186,-4.60208537500782,-4.38090833685296,8.80833333333333,-5.41887017142847,0.72799729,0.534816503
"285",6.9407379198851e-310,1200,-16.9494357658077,-7.65511922034001,-3.1245605734825,-4.38971619764086,-5.12345902090564,-4.97085587201867,-4.68929887013845,-4.60207590838737,-4.37764781655669,8.80833333333333,-5.8856087457803,0.72799729,0.534816503
"286",6.9407379198851e-310,1260,-17.2208688176538,-8.83526796500343,-4.13550621917483,-4.38668660351571,-5.05984437260855,-4.96984962788296,-4.69230343538031,-4.60207120008419,-4.37438974990835,8.80833333333333,-6.26794827349113,0.72799729,0.534816503
"287",6.9407379198851e-310,1320,-17.4150166415953,-9.75982898380505,-5.06124930994606,-4.44901778482452,-5.00736776994256,-4.96613011597023,-4.69522028098345,-4.60207104424285,-4.37113413746059,8.80833333333333,-6.58115040094157,0.72799729,0.534816503
"288",6.9407379198851e-310,1380,-17.5503077840871,-10.5073693962029,-5.89382005926376,-4.56140679188548,-4.96836965626378,-4.96050525533345,-4.69802188771904,-4.60207514622053,-4.36788097963646,8.80833333333333,-6.83771705317025,0.72799729,0.534816503
